"","Clade","Taxon_ID","Species_name_IUCN","Species_name","Common_name","Redlist_category","Threatened","Population_trend","Decreasing","Body_mass","Bill_length","Range_size","Elevation_min","Elevation_max","Elevation_range","Human_footprint","Migratory_status","Migratory_score","Forest_depend_status","Forest_depend_score","Hermit","Body_mass_log","Bill_length_log","Range_size_log"
"1","Hermits","22686903","Glaucis_aeneus","Glaucis_aeneus","Bronzy Hermit","Least Concern",0,"Unknown",NA,4.8,31.35,170965.099999997,"0","1500",1500,29.58524011,"Not a Migrant","0","Medium","0","1",1.56861591791385,3.44521426707893,12.0492147210876
"2","Hermits","22686911","Glaucis_hirsutus","Glaucis_hirsutus","Rufous-breasted Hermit","Least Concern",0,"Decreasing",1,6.76,32.05,7820116.30000026,"0","1800",1800,13.38743313,"Not a Migrant","0","Low","0","1",1.91102289005487,3.46729718336668,15.8722099845337
"3","Hermits","22686919","Threnetes_niger","Threnetes_niger","Sooty Barbthroat","Least Concern",0,"Unknown",NA,5.6,32.98,270305.800000004,"NA","NA",NA,7.570723812,"Not a Migrant","0","Medium","0","1",1.7227665977411,3.49590131713145,12.507309189674
"4","Hermits","22686925","Threnetes_ruckeri","Threnetes_ruckeri","Band-tailed Barbthroat","Least Concern",0,"Unknown",NA,5.2,33.2,482647.799999987,"0","1200",1200,30.92537348,"Not a Migrant","0","Medium","0","1",1.64865862558738,3.50254987592244,13.0870424740979
"5","Hermits","22686931","Phaethornis_yaruqui","Phaethornis_yaruqui","White-whiskered Hermit","Least Concern",0,"Unknown",NA,5.4,45.35,119931.199999994,"0","2000",2000,27.29952005,"Altitudinal Migrant","1","High","1","1",1.68639895357023,3.81441017656115,11.6946735240124
"6","Hermits","22686934","Phaethornis_guy","Phaethornis_guy","Green Hermit","Least Concern",0,"Unknown",NA,6.3,41.62,555184.099999991,"0","2200",2200,23.21335473,"Not a Migrant","0","Medium","0","1",1.84054963339749,3.72858082096549,13.2270550494361
"7","Hermits","22686937","Phaethornis_syrmatophorus","Phaethornis_syrmatophorus","Tawny-bellied Hermit","Least Concern",0,"Unknown",NA,5.8,43.21,159646.999999995,"1000","2300",1300,23.8423389,"Not a Migrant","0","High","1","1",1.75785791755237,3.76607194994384,11.9807204068608
"8","Hermits","22686955","Phaethornis_anthophilus","Phaethornis_anthophilus","Pale-bellied Hermit","Least Concern",0,"Unknown",NA,5.9,36.53,413683.499999991,"0","1500",1500,29.49908423,"Not a Migrant","0","Medium","0","1",1.77495235091167,3.59813384080719,12.9328564676802
"9","Hermits","22686961","Phaethornis_koepckeae","Phaethornis_koepckeae","Koepcke's Hermit","Near Threatened",0,"Decreasing",1,5.03,37.08,112547.499999999,"270","1130",860,14.8659664,"Not a Migrant","0","High","1","1",1.61541998411165,3.61307774069765,11.6311306337381
"10","Hermits","22686965","Phaethornis_philippii","Phaethornis_philippii","Needle-billed Hermit","Least Concern",0,"Unknown",NA,5,35.98,1596477.10000005,"0","325",325,7.302827385,"Not a Migrant","0","High","1","1",1.6094379124341,3.58296322852239,14.2833099471569
"11","Hermits","22686976","Phaethornis_pretrei","Phaethornis_pretrei","Planalto Hermit","Least Concern",0,"Unknown",NA,5.6,35.4,3736295.79999995,"400","2100",1700,23.43103788,"Not a Migrant","0","Medium","0","1",1.7227665977411,3.56671182013973,15.1336052507855
"12","Hermits","22686985","Anopetia_gounellei","Anopetia_gounellei","Broad-tipped Hermit","Least Concern",0,"Unknown",NA,3,25.38,534919.699999973,"500","700",200,24.70917677,"Not a Migrant","0","Low","0","1",1.09861228866811,3.23396146228624,13.189871921155
"13","Hermits","22686991","Phaethornis_ruber","Phaethornis_ruber","Reddish Hermit","Least Concern",0,"Decreasing",1,2.4,24.09,9728594.20000032,"0","1500",1500,14.08779133,"Not a Migrant","0","Medium","0","1",0.8754687373539,3.18179681662678,16.0905799627372
"14","Hermits","22686994","Phaethornis_stuarti","Phaethornis_stuarti","White-browed Hermit","Least Concern",0,"Decreasing",1,2.9,26.31,147916.9,"0","1000",1000,17.55794918,"Not a Migrant","0","Medium","0","1",1.06471073699243,3.2699490950522,11.9044059085672
"15","Hermits","22687013","Eutoxeres_aquila","Eutoxeres_aquila","White-tipped Sicklebill","Least Concern",0,"Unknown",NA,10.6,27.51,306610.300000001,"0","2400",2400,24.67486214,"Not a Migrant","0","High","1","1",2.36085400111802,3.31454957493648,12.6333328391152
"16","Hermits","22687016","Eutoxeres_condamini","Eutoxeres_condamini","Buff-tailed Sicklebill","Least Concern",0,"Decreasing",1,10.79,23.91,368098.800000001,"0","3300",3300,17.03876782,"Not a Migrant","0","Medium","0","1",2.37861977927004,3.17429678147023,12.8161066593781
"17","Mangoes","22687019","Androdon_aequatorialis","Androdon_aequatorialis","Tooth-billed Hummingbird","Least Concern",0,"Decreasing",1,7.3,40.03,113195.699999998,"0","1100",1100,26.84889436,"Not a Migrant","0","High","1","0",1.98787434815435,3.68962917300448,11.636873458164
"18","Hermits","22687022","Ramphodon_naevius","Ramphodon_naevius","Saw-billed Hermit","Near Threatened",0,"Decreasing",1,7.9,39.4,220328.700000004,"0","500",500,33.76477308,"Not a Migrant","0","High","1","1",2.06686275947298,3.67376581630389,12.3028758012003
"19","Hermits","22687026","Glaucis_dohrnii","Glaucis_dohrnii","Hook-billed Hermit","Endangered",1,"Decreasing",1,5.8,28.39,978.200000000003,"0","500",500,29.98759672,"Not a Migrant","0","High","1","1",1.75785791755237,3.34603697048488,6.88571414810526
"20","Mangoes","22687032","Doryfera_johannae","Doryfera_johannae","Blue-fronted Lancebill","Least Concern",0,"Decreasing",1,4.81,30.73,459626.699999988,"280","1800",1520,12.78567618,"Not a Migrant","0","High","1","0",1.57069708411767,3.42523937614239,13.0381699172641
"21","Mangoes","22687035","Doryfera_ludovicae","Doryfera_ludovicae","Green-fronted Lancebill","Least Concern",0,"Unknown",NA,6,38.11,387149.299999995,"500","3200",2700,23.94985124,"Altitudinal Migrant","1","High","1","0",1.79175946922805,3.64047671488577,12.8665656857285
"22","Emeralds","22687041","Campylopterus_cuvierii","Phaeochroa_cuvierii","Scaly-breasted Sabrewing","Least Concern",0,"Unknown",NA,8.9,24.63,238473.59999999,"0","1200",1200,31.95170631,"Not a Migrant","0","Medium","0","0",2.18605127673809,3.20396521213245,12.3820138913598
"23","Emeralds","22687066","Campylopterus_rufus","Campylopterus_rufus","Rufous Sabrewing","Least Concern",0,"Unknown",NA,7.1,28.5,31219.9999999993,"900","2000",1100,39.90511418,"Not a Migrant","0","High","1","0",1.96009478404727,3.3499040872746,10.3488141940694
"24","Emeralds","22687069","Campylopterus_hyperythrus","Campylopterus_hyperythrus","Rufous-breasted Sabrewing","Least Concern",0,"Stable",0,6.4,22.93,40875.4000000003,"1000","2050",1050,8.045215517,"Not a Migrant","0","Medium","0","0",1.85629799036563,3.13244609686981,10.6182836940844
"25","Emeralds","22687072","Campylopterus_duidae","Campylopterus_duidae","Buff-breasted Sabrewing","Least Concern",0,"Unknown",NA,6.05,28.03,102776.899999997,"1220","1700",480,3.516978775,"Not a Migrant","0","Medium","0","0",1.80005827204275,3.3332753651767,11.5403158985813
"26","Emeralds","22687075","Campylopterus_hemileucurus","Campylopterus_hemileucurus","Violet Sabrewing","Least Concern",0,"Unknown",NA,9.72,32.78,314208.299999998,"100","2400",2300,33.98340845,"Altitudinal Migrant","1","Medium","0","0",2.27418561847235,3.48981857331568,12.6578114207501
"27","Emeralds","22687078","Campylopterus_ensipennis","Campylopterus_ensipennis","White-tailed Sabrewing","Near Threatened",0,"Decreasing",1,9.6,29.8,2404.29999999999,"400","2000",1600,31.07738922,"Not a Migrant","0","Medium","0","0",2.26176309847379,3.39450839351136,7.78501407988253
"28","Emeralds","22687083","Campylopterus_falcatus","Campylopterus_falcatus","Lazuline Sabrewing","Least Concern",0,"Unknown",NA,7.2,27.03,88174.1000000004,"450","3000",2550,29.89150248,"Not a Migrant","0","Medium","0","0",1.97408102602201,3.29694736028836,11.3870685480774
"29","Emeralds","22687086","Campylopterus_phainopeplus","Campylopterus_phainopeplus","Santa Marta Sabrewing","Endangered",1,"Decreasing",1,7.65,28.5,1551,"NA","NA",NA,35.63719497,"Altitudinal Migrant","1","Low","0","0",2.03470564783844,3.3499040872746,7.34665516317654
"30","Emeralds","22687090","Campylopterus_villaviscensio","Campylopterus_villaviscensio","Napo Sabrewing","Near Threatened",0,"Decreasing",1,7.38,31.18,36504.6000000015,"780","1800",1020,21.11616316,"Not a Migrant","0","High","1","0",1.99877363861238,3.43977686362963,10.5051935590271
"31","Emeralds","22687094","Eupetomena_macroura","Eupetomena_macroura","Swallow-tailed Hummingbird","Least Concern",0,"Unknown",NA,9,24.61,4594108.99999989,"0","1500",1500,21.80863938,"Not a Migrant","0","Low","0","0",2.19722457733622,3.20315286440296,15.3402853885496
"32","Topazes","22687097","Florisuga_mellivora","Florisuga_mellivora","White-necked Jacobin","Least Concern",0,"Unknown",NA,7.4,23.87,8105470.99999973,"0","1600",1600,13.16175855,"Not a Migrant","0","Medium","0","0",2.00148000021012,3.17262244035074,15.9080498237398
"33","Topazes","22687100","Florisuga_fusca","Florisuga_fusca","Black Jacobin","Least Concern",0,"Unknown",NA,8.1,24.88,669756.600000005,"0","1400",1400,30.07041121,"Full Migrant","1","Medium","0","0",2.09186406167839,3.21406426787098,13.4146696417816
"34","Mangoes","22687110","Colibri_thalassinus","Colibri_thalassinus","Green Violet-ear","Least Concern",0,"Unknown",NA,5.9,24.17,788371.099999998,"900","3300",2400,28.25658042,"Altitudinal Migrant","1","Low","0","0",1.77495235091167,3.18511219471539,13.5777241970693
"35","Mangoes","22687114","Colibri_coruscans","Colibri_coruscans","Sparkling Violet-ear","Least Concern",0,"Unknown",NA,6.7,30.57,920387.700000034,"400","4500",4100,20.41136346,"Altitudinal Migrant","1","Low","0","0",1.90210752639692,3.42001913590274,13.7325502732992
"36","Mangoes","22687118","Colibri_serrirostris","Colibri_serrirostris","White-vented Violet-ear","Least Concern",0,"Unknown",NA,6.7,22.62,2370662.59999995,"0","3600",3600,24.86826015,"Not a Migrant","0","Low","0","0",1.90210752639692,3.11883447068797,14.6786800520957
"37","Mangoes","22687122","Anthracothorax_viridigula","Anthracothorax_viridigula","Green-throated Mango","Least Concern",0,"Decreasing",1,7.5,32.18,591469.69999999,"0","500",500,13.28163805,"Not a Migrant","0","Low","0","0",2.01490302054226,3.47134514156424,13.2903657353911
"38","Mangoes","22687130","Anthracothorax_nigricollis","Anthracothorax_nigricollis","Black-throated Mango","Least Concern",0,"Unknown",NA,7,25.75,9808704.7000002,"0","1900",1900,16.31910696,"Full Migrant","1","Low","0","0",1.94591014905531,3.24843462710975,16.0987807840877
"39","Mangoes","22687133","Anthracothorax_mango","Anthracothorax_mango","Jamaican Mango","Least Concern",0,"Unknown",NA,8.3,28.65,11021.8,"0","1500",1500,45.20538876,"Altitudinal Migrant","1","Medium","0","0",2.11625551480255,3.35515344316075,9.30763040875142
"40","Mangoes","22687143","Anthracothorax_viridis","Anthracothorax_viridis","Green Mango","Least Concern",0,"Unknown",NA,6.6,26.23,8774.39999999999,"NA","NA",NA,62.73421949,"Altitudinal Migrant","1","Medium","0","0",1.88706964903238,3.26690379387878,9.07959366992794
"41","Mangoes","22687151","Eulampis_jugularis","Eulampis_jugularis","Purple-throated Carib","Least Concern",0,"Unknown",NA,8.85,27.9,5226.00000000001,"NA","NA",NA,51.98520921,"Not a Migrant","0","High","1","0",2.18041745901984,3.32862668882732,8.56140144608056
"42","Mangoes","22687154","Eulampis_holosericeus","Eulampis_holosericeus","Green-throated Carib","Least Concern",0,"Unknown",NA,5.7,25.45,8331.79999999998,"NA","NA",NA,59.4613095,"Not a Migrant","0","Low","0","0",1.7404661748405,3.23671574299653,9.02783479825215
"43","Mangoes","22687160","Chrysolampis_mosquitus","Chrysolampis_mosquitus","Ruby-topaz Hummingbird","Least Concern",0,"Unknown",NA,3.9,20.29,7397762.20000032,"0","1350",1350,18.07790404,"Full Migrant","1","Non-forest","0","0",1.3609765531356,3.01012815383772,15.8166881070353
"44","Emeralds","22687164","Orthorhyncus_cristatus","Orthorhyncus_cristatus","Antillean Crested Hummingbird","Least Concern",0,"Unknown",NA,3.02,15.58,7736.29999999998,"NA","NA",NA,59.4613095,"Not a Migrant","0","Low","0","0",1.10525683138678,2.7459880404426,8.95367881611234
"45","Emeralds","22687167","Klais_guimeti","Klais_guimeti","Violet-headed Hummingbird","Least Concern",0,"Decreasing",1,2.6,15.24,471398.300000001,"0","1900",1900,22.93087341,"Not a Migrant","0","Medium","0","0",0.955511445027436,2.7239235502585,13.0634586631985
"46","Emeralds","22687170","Abeillia_abeillei","Abeillia_abeillei","Emerald-chinned Hummingbird","Least Concern",0,"Decreasing",1,2.7,13.05,144605.699999996,"1000","2200",1200,34.14525295,"Not a Migrant","0","High","1","0",0.993251773010283,2.5687881337687,11.881766007017
"47","Coquettes","22687187","Lophornis_gouldii","Lophornis_gouldii","Dot-eared Coquette","Vulnerable",1,"Unknown",NA,2.4,13.11,1191086.2,"0","800",800,12.23831227,"Not a Migrant","0","Medium","0","0",0.8754687373539,2.57337529777561,13.9903762218729
"48","Coquettes","22687190","Lophornis_magnificus","Lophornis_magnificus","Frilled Coquette","Least Concern",0,"Unknown",NA,2.7,14.63,2557179.80000003,"0","1000",1000,26.75757896,"Not a Migrant","0","Medium","0","0",0.993251773010283,2.68307421503203,14.7544155685787
"49","Coquettes","22687208","Lophornis_delattrei","Lophornis_delattrei","Rufous-crested Coquette","Least Concern",0,"Unknown",NA,2.8,13.29,223048.699999999,"500","2200",1700,21.05071906,"Not a Migrant","0","Medium","0","0",1.02961941718116,2.58701187272515,12.3151454122498
"50","Coquettes","22687211","Lophornis_stictolophus","Lophornis_stictolophus","Spangled Coquette","Least Concern",0,"Unknown",NA,2.68,12.5,134544.899999999,"0","1300",1300,26.70870568,"Not a Migrant","0","Medium","0","0",0.985816794522765,2.52572864430826,11.8096532513118
"51","Coquettes","22687235","Lophornis_pavoninus","Lophornis_pavoninus","Peacock Coquette","Least Concern",0,"Unknown",NA,3,13.7,205725.100000002,"500","2000",1500,6.661820707,"Not a Migrant","0","High","1","0",1.09861228866811,2.61739583283408,12.2342960905596
"52","Coquettes","22687241","Lophornis_helenae","Lophornis_helenae","Black-crested Coquette","Least Concern",0,"Unknown",NA,2.6,14.43,254043.999999992,"100","1200",1100,32.96736119,"Not a Migrant","0","Medium","0","0",0.955511445027436,2.66930937278578,12.4452627593448
"53","Coquettes","22687247","Lophornis_adorabilis","Lophornis_adorabilis","White-crested Coquette","Least Concern",0,"Unknown",NA,2.7,13.2,16797.9,"300","1200",900,38.39133008,"Not a Migrant","0","Medium","0","0",0.993251773010283,2.58021682959233,9.7290091575782
"54","Coquettes","22687253","Discosura_popelairii","Discosura_popelairii","Wire-crested Thorntail","Near Threatened",0,"Unknown",NA,2.5,15.43,164968.199999999,"500","1800",1300,19.27460014,"Not a Migrant","0","High","1","0",0.916290731874155,2.73631366637507,12.0135080070357
"55","Coquettes","22687265","Discosura_letitiae","Discosura_letitiae","Coppery Thorntail","Data Deficient",NA,"Unknown",NA,2.83,14.3,NA,"NA","NA",NA,NA,"Not a Migrant","0","High","1","0",1.04027671165515,2.66025953726586,NA
"56","Coquettes","22687285","Discosura_longicaudus","Discosura_longicaudus","Racket-tailed Coquette","Least Concern",0,"Decreasing",1,3.4,15.66,2150166.09999995,"0","910",910,11.56674965,"Not a Migrant","0","Medium","0","0",1.22377543162212,2.75110969056266,14.5810556529337
"57","Emeralds","22687296","Chlorostilbon_notatus","Chlorestes_notata","Blue-chinned Emerald","Least Concern",0,"Unknown",NA,4.2,19.38,4700532.00000012,"0","500",500,11.69165583,"Not a Migrant","0","Low","0","0",1.43508452528932,2.96424160646262,15.363186251764
"58","Emeralds","22687304","Chlorostilbon_canivetii","Chlorostilbon_canivetii","Canivet's Emerald","Least Concern",0,"Unknown",NA,2.61,15.4,577328.50000001,"0","1900",1900,32.25280921,"Not a Migrant","0","Low","0","0",0.959350221334602,2.73436750941958,13.2661667075769
"59","Emeralds","22687310","Chlorostilbon_assimilis","Chlorostilbon_assimilis","Garden Emerald","Least Concern",0,"Unknown",NA,2.61,16.43,49348.1000000011,"0","800",800,32.70809375,"Not a Migrant","0","Medium","0","0",0.959350221334602,2.79910893204918,10.8066545436139
"60","Emeralds","22687321","Chlorostilbon_lucidus","Chlorostilbon_lucidus","Glittering-bellied Emerald","Least Concern",0,"Unknown",NA,3.5,16.89,5788270.60000023,"0","3500",3500,23.32817807,"Full Migrant","1","Medium","0","0",1.25276296849537,2.82672173081971,15.5713441175412
"61","Emeralds","22687330","Chlorostilbon_ricordii","Chlorostilbon_ricordii","Cuban Emerald","Least Concern",0,"Unknown",NA,3.2,19.63,119014.499999999,"0","1300",1300,41.04381714,"Not a Migrant","0","Medium","0","0",1.16315080980568,2.97705900828837,11.6870006134102
"62","Emeralds","22687336","Chlorostilbon_swainsonii","Chlorostilbon_swainsonii","Hispaniolan Emerald","Least Concern",0,"Unknown",NA,4.3,20.15,74117.1999999984,"500","2500",2000,38.00733257,"Not a Migrant","0","High","1","0",1.45861502269952,3.00320428839269,11.2134029031072
"63","Emeralds","22687339","Chlorostilbon_maugaeus","Chlorostilbon_maugaeus","Puerto Rican Emerald","Least Concern",0,"Unknown",NA,3.1,17.38,8774.39999999999,"NA","NA",NA,62.73421949,"Not a Migrant","0","Medium","0","0",1.1314021114911,2.85532011983725,9.07959366992794
"64","Emeralds","22687342","Chlorostilbon_gibsoni","Chlorostilbon_gibsoni","Red-billed Emerald","Least Concern",0,"Unknown",NA,2.61,17.6,309538.300000015,"0","1800",1800,31.27490734,"Not a Migrant","0","Medium","0","0",0.959350221334602,2.86789890204411,12.6428371114313
"65","Emeralds","22687345","Chlorostilbon_russatus","Chlorostilbon_russatus","Coppery Emerald","Least Concern",0,"Unknown",NA,3.4,17.78,27765.9999999987,"250","2500",2250,34.7372145,"Not a Migrant","0","Medium","0","0",1.22377543162212,2.87807423008576,10.2315675295947
"66","Emeralds","22687348","Chlorostilbon_stenurus","Chlorostilbon_stenurus","Narrow-tailed Emerald","Least Concern",0,"Unknown",NA,3.4,19.18,81621.2000000023,"1000","3000",2000,31.66459948,"Not a Migrant","0","Medium","0","0",1.22377543162212,2.95386806945529,11.3098443111306
"67","Emeralds","22687368","Cynanthus_sordidus","Cynanthus_sordidus","Dusky Hummingbird","Least Concern",0,"Unknown",NA,4,23.6,96198.3000000016,"900","2200",1300,34.03631396,"Not a Migrant","0","Low","0","0",1.38629436111989,3.16124671203156,11.47416696498
"68","Emeralds","22687399","Thalurania_furcata","Thalurania_furcata","Fork-tailed Woodnymph","Least Concern",0,"Unknown",NA,4.19,24.14,11225311.9,"0","1800",1800,14.74736343,"Not a Migrant","0","Medium","0","0",1.43270073393405,3.18387021566939,16.2336817773981
"69","Emeralds","22687405","Thalurania_glaucopis","Thalurania_glaucopis","Violet-capped Woodnymph","Least Concern",0,"Unknown",NA,4.8,22.8,1415898.79999997,"0","850",850,30.15924399,"Not a Migrant","0","Medium","0","0",1.56861591791385,3.1267605359604,14.1632750817552
"70","Mountain Gems","22687408","Panterpe_insignis","Panterpe_insignis","Fiery-throated Hummingbird","Least Concern",0,"Unknown",NA,5.7,21.63,8271.60000000003,"1600","3200",1600,36.94704774,"Altitudinal Migrant","1","Medium","0","0",1.7404661748405,3.07408123996497,9.02058323967961
"71","Emeralds","22687411","Juliamyia_julie","Damophila_julie","Violet-bellied Hummingbird","Least Concern",0,"Unknown",NA,3.3,15.67,289653.399999992,"0","1800",1800,30.60971952,"Not a Migrant","0","High","1","0",1.19392246847243,2.75174805636793,12.5764403147607
"72","Emeralds","22687414","Lepidopyga_coeruleogularis","Lepidopyga_coeruleogularis","Sapphire-throated Hummingbird","Least Concern",0,"Unknown",NA,4.2,21.35,88896.100000001,"0","100",100,32.00294982,"Not a Migrant","0","Medium","0","0",1.43508452528932,3.06105173967463,11.3952235510234
"73","Emeralds","22687421","Lepidopyga_goudoti","Lepidopyga_goudoti","Shining-green Hummingbird","Least Concern",0,"Increasing",0,4,19.65,299961.599999988,"0","1600",1600,30.57338953,"Not a Migrant","0","Low","0","0",1.38629436111989,2.97807733831527,12.6114097454456
"74","Emeralds","22687424","Basilinna_xantusii","Hylocharis_xantusii","Xantus's Hummingbird","Least Concern",0,"Unknown",NA,3.4,17.78,41934.4999999987,"1800","2200",400,15.99459073,"Not a Migrant","0","Medium","0","0",1.22377543162212,2.87807423008576,10.6438641561329
"75","Emeralds","22687428","Basilinna_leucotis","Hylocharis_leucotis","White-eared Hummingbird","Least Concern",0,"Unknown",NA,3.39,18.58,556987.69999999,"1200","3500",2300,29.73025738,"Not a Migrant","0","High","1","0",1.22082992139236,2.92208573338569,13.2302984360803
"76","Emeralds","22687432","Hylocharis_eliciae","Hylocharis_eliciae","Blue-throated Goldentail","Least Concern",0,"Increasing",0,3.6,18.2,306965.399999986,"0","1000",1000,33.07713998,"Not a Migrant","0","Medium","0","0",1.28093384546206,2.90142159408275,12.6344903166347
"77","Emeralds","22687436","Amazilia_sapphirina","Hylocharis_sapphirina","Rufous-throated Hummingbird","Least Concern",0,"Unknown",NA,4.4,20.48,3920467.89999986,"0","1850",1850,11.92979222,"Not a Migrant","0","Medium","0","0",1.48160454092422,3.01944880017131,15.1817215668884
"78","Emeralds","22687439","Hylocharis_cyanus","Hylocharis_cyanus","White-chinned Sapphire","Least Concern",0,"Unknown",NA,3.3,20.2,7031944.99999984,"0","1250",1250,12.77700908,"Not a Migrant","0","Medium","0","0",1.19392246847243,3.00568260440716,15.7659738969286
"79","Emeralds","22687449","Hylocharis_chrysura","Hylocharis_chrysura","Gilded Hummingbird","Least Concern",0,"Increasing",0,4.5,22.8,3128403.2000001,"200","1000",800,21.86311663,"Not a Migrant","0","Low","0","0",1.50407739677627,3.1267605359604,14.9560332725962
"80","Emeralds","22687464","Goethalsia_bella","Goethalsia_bella","Pirre Hummingbird","Near Threatened",0,"Unknown",NA,3.4,20.17,1893.19999999999,"600","1500",900,22.9819624,"Not a Migrant","0","High","1","0",1.22377543162212,3.00419635196612,7.54602379803209
"81","Emeralds","22687469","Trochilus_polytmus","Trochilus_polytmus","Red-billed Streamertail","Least Concern",0,"Unknown",NA,4.84,22.25,10225,"0","1000",1000,45.20538876,"Altitudinal Migrant","1","Medium","0","0",1.57691472072854,3.10234200861225,9.232590980911
"82","Emeralds","22687474","Trochilus_scitulus","Trochilus_scitulus","Black-billed Streamertail","Least Concern",0,"Unknown",NA,4,23.13,796.800000000001,"0","1140",1140,45.02317913,"Altitudinal Migrant","1","Low","0","0",1.38629436111989,3.14113047624335,6.68060370627039
"83","Emeralds","22687479","Leucochloris_albicollis","Leucochloris_albicollis","White-throated Hummingbird","Least Concern",0,"Unknown",NA,6.3,26.6,2177080.20000008,"0","1000",1000,28.36312802,"Full Migrant","1","Medium","0","0",1.84054963339749,3.28091121578765,14.5934951792258
"84","Mangoes","22687482","Polytmus_guainumbi","Polytmus_guainumbi","White-tailed Goldenthroat","Least Concern",0,"Unknown",NA,5.2,25.29,4835836.59999986,"0","600",600,20.08275625,"Not a Migrant","0","Non-forest","0","0",1.64865862558738,3.23040906068187,15.3915647018912
"85","Mangoes","22687485","Polytmus_milleri","Polytmus_milleri","Tepui Goldenthroat","Least Concern",0,"Unknown",NA,4.1,25.45,74968.0999999973,"1300","2200",900,6.600104838,"Not a Migrant","0","Medium","0","0",1.41098697371026,3.23671574299653,11.2248179687052
"86","Mangoes","22687488","Polytmus_theresiae","Polytmus_theresiae","Green-tailed Goldenthroat","Least Concern",0,"Unknown",NA,3.8,21.46,1942442.60000001,"100","300",200,7.100347207,"Not a Migrant","0","Medium","0","0",1.33500106673234,3.06619073720255,14.4794568112378
"87","Emeralds","22687494","Leucippus_baeri","Leucippus_baeri","Tumbes Hummingbird","Least Concern",0,"Unknown",NA,4.5,24.7,38502.2999999985,"0","800",800,24.52443826,"Not a Migrant","0","Medium","0","0",1.50407739677627,3.20680324363393,10.5584732587512
"88","Emeralds","22687497","Leucippus_taczanowskii","Leucippus_taczanowskii","Spot-throated Hummingbird","Least Concern",0,"Unknown",NA,6.4,27.68,86685.6999999964,"350","2800",2450,22.98336489,"Not a Migrant","0","Medium","0","0",1.85629799036563,3.32071013074947,11.3700442126022
"89","Emeralds","22687500","Leucippus_chlorocercus","Leucippus_chlorocercus","Olive-spotted Hummingbird","Least Concern",0,"Unknown",NA,4.6,19.55,173795.300000001,"0","400",400,8.071675718,"Not a Migrant","0","High","1","0",1.52605630349505,2.97297528643137,12.0656334488701
"90","Emeralds","22687503","Taphrospilus_hypostictus","Taphrospilus_hypostictus","Many-spotted Hummingbird","Least Concern",0,"Decreasing",1,7,25.35,110102.900000002,"0","2800",2800,18.34712756,"Not a Migrant","0","High","1","0",1.94591014905531,3.23277873003719,11.6091706620551
"91","Emeralds","22687506","Amazilia_viridicauda","Amazilia_viridicauda","Green-and-white Hummingbird","Least Concern",0,"Unknown",NA,6.1,25.38,28877.9000000005,"1000","2500",1500,16.71096712,"Not a Migrant","0","High","1","0",1.80828877117927,3.23396146228624,10.2708318756815
"92","Emeralds","22687509","Amazilia_chionogaster","Amazilia_chionogaster","White-bellied Hummingbird","Least Concern",0,"Unknown",NA,5.04,25.73,488766.500000018,"450","3500",3050,18.86317577,"Not a Migrant","0","Medium","0","0",1.61740608208328,3.24765762629365,13.0996401493027
"93","Emeralds","22687513","Amazilia_candida","Amazilia_candida","White-bellied Emerald","Least Concern",0,"Decreasing",1,3.8,18.4,429523.600000006,"0","1500",1500,32.05726552,"Not a Migrant","0","High","1","0",1.33500106673234,2.91235066461494,12.9704319665104
"94","Emeralds","22687517","Amazilia_brevirostris","Amazilia_brevirostris","White-chested Emerald","Least Concern",0,"Unknown",NA,4.3,19.63,584293.000000011,"0","500",500,13.5892034,"Not a Migrant","0","Medium","0","0",1.45861502269952,2.97705900828837,13.2781578483236
"95","Emeralds","22687525","Amazilia_versicolor","Amazilia_versicolor","Versicolored Emerald","Least Concern",0,"Unknown",NA,4.1,19.14,5113575.50000011,"0","1700",1700,17.38812646,"Not a Migrant","0","Medium","0","0",1.41098697371026,2.95178038602481,15.4474094239574
"96","Emeralds","22687529","Amazilia_luciae","Amazilia_luciae","Honduran Emerald","Endangered",1,"Decreasing",1,4.78,23,399.300000000002,"75","300",225,31.75594181,"Not a Migrant","0","Medium","0","0",1.56444054650336,3.13549421592915,5.98971301406918
"97","Emeralds","22687534","Amazilia_fimbriata","Amazilia_fimbriata","Glittering-throated Emerald","Least Concern",0,"Unknown",NA,4.9,22.33,10739828.9999997,"0","1300",1300,15.25248203,"Not a Migrant","0","Medium","0","0",1.58923520511658,3.10593106585207,16.1894697251305
"98","Emeralds","22687552","Amazilia_amabilis","Amazilia_amabilis","Blue-chested Hummingbird","Least Concern",0,"Unknown",NA,4.3,21.38,298624.399999994,"0","1400",1400,29.41925533,"Not a Migrant","0","Medium","0","0",1.45861502269952,3.0624559055969,12.6069418754172
"99","Emeralds","22687556","Amazilia_decora","Amazilia_decora","Charming Hummingbird","Least Concern",0,"Unknown",NA,4.6,24.97,13143.8,"0","1580",1580,38.39133008,"Not a Migrant","0","Medium","0","0",1.52605630349505,3.21767510429168,9.48370544353317
"100","Emeralds","22687559","Amazilia_rosenbergi","Amazilia_rosenbergi","Purple-chested Hummingbird","Least Concern",0,"Unknown",NA,3.7,23.85,67270.7000000018,"0","500",500,25.67161774,"Not a Migrant","0","High","1","0",1.30833281965018,3.17178421733435,11.1164800567928
"101","Emeralds","22687562","Amazilia_boucardi","Amazilia_boucardi","Mangrove Hummingbird","Endangered",1,"Decreasing",1,4.5,22.25,1301.8,"0","150",150,36.94704774,"Not a Migrant","0","High","1","0",1.50407739677627,3.10234200861225,7.17150320113829
"102","Emeralds","22687566","Amazilia_franciae","Amazilia_franciae","Andean Emerald","Least Concern",0,"Unknown",NA,5,26.1,247257.700000003,"400","2750",2350,26.33353282,"Not a Migrant","0","High","1","0",1.6094379124341,3.26193531432865,12.4181863915683
"103","Emeralds","22687574","Amazilia_leucogaster","Amazilia_leucogaster","Plain-bellied Emerald","Least Concern",0,"Unknown",NA,4.7,25.1,322467.499999998,"0","250",250,20.83824328,"Not a Migrant","0","Low","0","0",1.54756250871601,3.22286784613774,12.683757634946
"104","Emeralds","22687577","Amazilia_cyanocephala","Amazilia_cyanocephala","Azure-crowned Hummingbird","Least Concern",0,"Unknown",NA,5.1,23.58,304045.500000001,"300","2400",2100,32.8652391,"Not a Migrant","0","Medium","0","0",1.62924053973028,3.16039889510922,12.6249326402414
"105","Emeralds","22687583","Amazilia_beryllina","Amazilia_beryllina","Berylline Hummingbird","Least Concern",0,"Unknown",NA,4.5,22.13,607172.800000018,"0","3000",3000,31.43104084,"Not a Migrant","0","Medium","0","0",1.50407739677627,3.09693415406296,13.3165687082763
"106","Emeralds","22687587","Amazilia_cyanura","Amazilia_cyanura","Blue-tailed Hummingbird","Least Concern",0,"Unknown",NA,3.9,22.18,75348.4000000015,"0","1800",1800,37.02824203,"Not a Migrant","0","Medium","0","0",1.3609765531356,3.09919098192222,11.229877969589
"107","Emeralds","22687590","Amazilia_saucerottei","Amazilia_saucerrottei","Steely-vented Hummingbird","Least Concern",0,"Increasing",0,4.5,21.98,245060.599999993,"0","2000",2000,31.04775185,"Not a Migrant","0","Medium","0","0",1.50407739677627,3.09013294897548,12.4092608058804
"108","Emeralds","22687593","Amazilia_tobaci","Amazilia_tobaci","Copper-rumped Hummingbird","Least Concern",0,"Unknown",NA,4.7,21.48,434773.599999996,"0","1800",1800,19.48274282,"Not a Migrant","0","Medium","0","0",1.54756250871601,3.06712226964066,12.9825807148145
"109","Emeralds","22687599","Amazilia_edward","Amazilia_edward","Snowy-bellied Hummingbird","Least Concern",0,"Unknown",NA,4.7,20.8,42606.1000000018,"0","1500",1500,32.70809375,"Not a Migrant","0","Medium","0","0",1.54756250871601,3.03495298670727,10.6597527144947
"110","Emeralds","22687603","Amazilia_rutila","Amazilia_rutila","Cinnamon Hummingbird","Least Concern",0,"Unknown",NA,5.24,24.45,397526.800000019,"0","1700",1700,31.58504849,"Not a Migrant","0","Medium","0","0",1.65632149833295,3.19663021592088,12.8930176321875
"111","Emeralds","22687606","Amazilia_yucatanensis","Amazilia_yucatanensis","Buff-bellied Hummingbird","Least Concern",0,"Increasing",0,3.89,24.05,395090.799999987,"0","1500",1500,29.62547684,"Full Migrant","1","Medium","0","0",1.35840915763035,3.18013499655177,12.8868708908841
"112","Emeralds","22687618","Amazilia_amazilia","Amazilia_amazilia","Amazilia Hummingbird","Least Concern",0,"Unknown",NA,4.3,21.1,169393.200000002,"0","2700",2700,26.07179542,"Not a Migrant","0","Low","0","0",1.45861502269952,3.04927304048202,12.0399779187179
"113","Emeralds","22687624","Amazilia_violiceps","Amazilia_violiceps","Violet-crowned Hummingbird","Least Concern",0,"Unknown",NA,5.1,26.2,555727.199999976,"300","2200",1900,25.98344746,"Full Migrant","1","Medium","0","0",1.62924053973028,3.26575941076705,13.2280328053438
"114","Emeralds","22687627","Eupherusa_poliocerca","Eupherusa_poliocerca","White-tailed Hummingbird","Vulnerable",1,"Decreasing",1,4.85,21.43,3963.3,"900","2400",1500,31.48652437,"Not a Migrant","0","High","1","0",1.57897870494939,3.06479180948549,8.28483229055242
"115","Emeralds","22687632","Eupherusa_eximia","Eupherusa_eximia","Stripe-tailed Hummingbird","Least Concern",0,"Unknown",NA,4.3,19.13,174512.400000003,"800","2500",1700,34.31355357,"Altitudinal Migrant","1","High","1","0",1.45861502269952,2.95125778345216,12.0697510782719
"116","Emeralds","22687640","Eupherusa_nigriventris","Eupherusa_nigriventris","Black-bellied Hummingbird","Least Concern",0,"Unknown",NA,3.5,16.13,14338.3,"900","2000",1100,37.22006766,"Altitudinal Migrant","1","High","1","0",1.25276296849537,2.78068089213712,9.57068955761421
"117","Emeralds","22687643","Elvira_chionura","Elvira_chionura","White-tailed Emerald","Least Concern",0,"Unknown",NA,3,17.43,9597.80000000001,"1000","1700",700,38.26969291,"Not a Migrant","0","Medium","0","0",1.09861228866811,2.85819285953193,9.16928918452657
"118","Emeralds","22687646","Elvira_cupreiceps","Elvira_cupreiceps","Coppery-headed Emerald","Least Concern",0,"Unknown",NA,3,16.9,5223.19999999998,"700","1500",800,35.38509356,"Altitudinal Migrant","1","Medium","0","0",1.09861228866811,2.82731362192903,8.56086551987242
"119","Emeralds","22687649","Microchera_albocoronata","Microchera_albocoronata","Snowcap","Least Concern",0,"Decreasing",1,2.7,14.13,76810.9999999991,"300","1650",1350,30.72747717,"Altitudinal Migrant","1","High","1","0",0.993251773010283,2.64830019669644,11.2491031380461
"120","Emeralds","22687652","Chalybura_buffonii","Chalybura_buffonii","White-vented Plumeleteer","Least Concern",0,"Increasing",0,6.79,25.83,503113.699999993,"0","2000",2000,29.0622179,"Not a Migrant","0","Medium","0","0",1.9154509415706,3.25153660710775,13.1285714672754
"121","Emeralds","22687655","Chalybura_urochrysia","Chalybura_urochrysia","Bronze-tailed Plumeleteer","Least Concern",0,"Decreasing",1,6.38,26.25,208990.799999996,"0","1000",1000,28.10661927,"Not a Migrant","0","High","1","0",1.8531680973567,3.26766598903763,12.2500455108393
"122","Emeralds","22687658","Aphantochroa_cirrochloris","Aphantochroa_cirrochloris","Sombre Hummingbird","Least Concern",0,"Unknown",NA,7.7,24.87,1438336.1,"0","700",700,31.12044219,"Not a Migrant","0","Medium","0","0",2.04122032885964,3.21366225781531,14.1789975173523
"123","Mountain Gems","22687664","Lampornis_clemenciae","Lampornis_clemenciae","Blue-throated Hummingbird","Least Concern",0,"Increasing",0,7.55,28.5,496865.99999998,"500","3500",3000,24.29452602,"Full Migrant","1","High","1","0",2.02154756326093,3.3499040872746,13.1160756510191
"124","Mountain Gems","22687672","Lampornis_viridipallens","Lampornis_viridipallens","Green-throated Mountain-gem","Least Concern",0,"Decreasing",1,5.33,22.95,91757.7999999961,"900","2700",1800,36.11579146,"Not a Migrant","0","High","1","0",1.67335123817775,3.13331793650655,11.4269077759273
"125","Mountain Gems","22687680","Lampornis_hemileucus","Lampornis_hemileucus","White-bellied Mountain-gem","Least Concern",0,"Unknown",NA,5.5,23.23,9355.00000000001,"700","1400",700,37.22006766,"Altitudinal Migrant","1","High","1","0",1.70474809223843,3.14544454678232,9.14366623870819
"126","Mountain Gems","22687693","Lamprolaima_rhami","Lamprolaima_rhami","Garnet-throated Hummingbird","Least Concern",0,"Unknown",NA,7.8,21.13,137859.099999996,"1200","3000",1800,35.41528232,"Altitudinal Migrant","1","High","1","0",2.05412373369555,3.05069383162797,11.8339874280562
"127","Brilliants","22687696","Adelomyia_melanogenys","Adelomyia_melanogenys","Speckled Hummingbird","Least Concern",0,"Unknown",NA,4.93,18.51,620184.599999984,"900","2900",2000,23.37270476,"Not a Migrant","0","High","1","0",1.5953389880546,2.91831112658541,13.3377724546404
"128","Coquettes","22687703","Phlogophilus_hemileucurus","Phlogophilus_hemileucurus","Ecuadorian Piedtail","Vulnerable",1,"Decreasing",1,2.8,18.98,25433.9000000012,"500","1200",700,22.78825017,"Not a Migrant","0","High","1","0",1.02961941718116,2.94338579318178,10.1438382088281
"129","Coquettes","22687708","Phlogophilus_harterti","Phlogophilus_harterti","Peruvian Piedtail","Near Threatened",0,"Decreasing",1,2.7,18.83,33303.9999999996,"700","1500",800,15.5989918,"Not a Migrant","0","High","1","0",0.993251773010283,2.93545134266906,10.4134327888748
"130","Brilliants","22687712","Clytolaema_rubricauda","Clytolaema_rubricauda","Brazilian Ruby","Least Concern",0,"Unknown",NA,7.9,24.9,352770.799999988,"0","1500",1500,32.87142233,"Not a Migrant","0","Medium","0","0",2.06686275947298,3.21486780347066,12.7735738332495
"131","Brilliants","22687715","Heliodoxa_imperatrix","Heliodoxa_imperatrix","Empress Brilliant","Least Concern",0,"Unknown",NA,8.8,33.38,22063.3000000004,"700","2300",1600,27.65038457,"Not a Migrant","0","High","1","0",2.17475172148416,3.50795691823369,10.0016708736415
"132","Brilliants","22687718","Heliodoxa_xanthogonys","Heliodoxa_xanthogonys","Velvet-browed Brilliant","Least Concern",0,"Decreasing",1,6.99,24.18,222441.699999992,"700","2000",1300,4.814497528,"Not a Migrant","0","High","1","0",1.94448055624572,3.18552584518665,12.3124203237826
"133","Brilliants","22687721","Heliodoxa_gularis","Heliodoxa_gularis","Pink-throated Brilliant","Vulnerable",1,"Decreasing",1,6.3,28.06,22625.9999999997,"300","1100",800,25.81726916,"Not a Migrant","0","High","1","0",1.84054963339749,3.33434507467431,10.0268549664864
"134","Brilliants","22687725","Heliodoxa_branickii","Heliodoxa_branickii","Rufous-webbed Brilliant","Least Concern",0,"Decreasing",1,5.2,25.55,126780.799999999,"650","1700",1050,15.1790113,"Not a Migrant","0","High","1","0",1.64865862558738,3.24063731664971,11.7502148899618
"135","Brilliants","22687731","Heliodoxa_aurescens","Heliodoxa_aurescens","Gould's Brilliant","Least Concern",0,"Decreasing",1,6.4,25.4,3600181.59999998,"0","1400",1400,7.677039845,"Not a Migrant","0","High","1","0",1.85629799036563,3.23474917402449,15.0964948465985
"136","Brilliants","22687737","Heliodoxa_rubinoides","Heliodoxa_rubinoides","Fawn-breasted Brilliant","Least Concern",0,"Unknown",NA,7.79,27.74,203571.900000007,"1200","2600",1400,22.14216585,"Not a Migrant","0","Medium","0","0",2.05284085988266,3.32287541488669,12.2237745384164
"137","Brilliants","22687740","Heliodoxa_jacula","Heliodoxa_jacula","Green-crowned Brilliant","Least Concern",0,"Decreasing",1,8.09,26.45,63656.4999999976,"400","2000",1600,30.3045167,"Altitudinal Migrant","1","High","1","0",2.0906287310704,3.27525615830431,11.0612567197456
"138","Mountain Gems","22687746","Eugenes_fulgens","Eugenes_fulgens","Magnificent Hummingbird","Least Concern",0,"Increasing",0,8,33.35,854474.70000001,"1500","3100",1600,26.86500232,"Full Migrant","1","High","1","0",2.07944154167984,3.50705777236163,13.6582421731416
"139","Emeralds","22687749","Hylonympha_macrocerca","Hylonympha_macrocerca","Scissor-tailed Hummingbird","Endangered",1,"Decreasing",1,12.96,27.2,227.600000000001,"NA","NA",NA,40.49968261,"Not a Migrant","0","High","1","0",2.56186769092413,3.30321697330195,5.42758970225218
"140","Emeralds","22687753","Sternoclyta_cyanopectus","Sternoclyta_cyanopectus","Violet-chested Hummingbird","Least Concern",0,"Unknown",NA,8,33.83,40401.0000000019,"700","2000",1300,31.36940786,"Not a Migrant","0","High","1","0",2.07944154167984,3.52134798279262,10.6066098161182
"141","Topazes","22687756","Topaza_pyra","Topaza_pyra","Fiery Topaz","Least Concern",0,"Decreasing",1,12.11,30.45,2026634.79999998,"0","750",750,6.552123631,"Not a Migrant","0","High","1","0",2.494031557565,3.41608599415591,14.5218872414664
"142","Topazes","22687759","Topaza_pella","Topaza_pella","Crimson Topaz","Least Concern",0,"Decreasing",1,12.11,30.3,1678434.39999994,"0","500",500,9.005225002,"Not a Migrant","0","High","1","0",2.494031557565,3.41114771251532,14.3333720121243
"143","Brilliants","22687762","Oreotrochilus_chimborazo","Oreotrochilus_chimborazo","Ecuadorian Hillstar","Least Concern",0,"Stable",0,8.2,24.38,36894.4000000015,"3500","5200",1700,26.58465976,"Altitudinal Migrant","1","Non-forest","0","0",2.10413415427021,3.19376312405313,10.5158150569941
"144","Brilliants","22687768","Oreotrochilus_leucopleurus","Oreotrochilus_leucopleurus","White-sided Hillstar","Least Concern",0,"Stable",0,8.15,24.18,404051.699999993,"1200","4000",2800,17.28421665,"Not a Migrant","0","Non-forest","0","0",2.09801792725277,3.18552584518665,12.9092981190528
"145","Brilliants","22687771","Oreotrochilus_melanogaster","Oreotrochilus_melanogaster","Black-breasted Hillstar","Least Concern",0,"Stable",0,9.1,23.35,55336.700000001,"3500","4400",900,23.26336474,"Not a Migrant","0","Non-forest","0","0",2.2082744135228,3.15059698411491,10.9211916201932
"146","Brilliants","22687774","Oreotrochilus_adela","Oreotrochilus_adela","Wedge-tailed Hillstar","Near Threatened",0,"Decreasing",1,7.85,32.08,50643.6000000013,"2600","4000",1400,21.08187626,"Not a Migrant","0","Low","0","0",2.06051353179432,3.46823278299831,10.8325681443387
"147","Patagona","22687785","Patagona_gigas","Patagona_gigas","Giant Hummingbird","Least Concern",0,"Stable",0,20.2,45.88,1270464.70000001,"2000","4800",2800,19.55224673,"Full Migrant","1","Low","0","0",3.00568260440716,3.82602929226117,14.0548932970195
"148","Brilliants","22687788","Aglaeactis_cupripennis","Aglaeactis_cupripennis","Shining Sunbeam","Least Concern",0,"Stable",0,7.6,22.49,224851.799999999,"2200","4600",2400,24.14537912,"Altitudinal Migrant","1","Low","0","0",2.02814824729229,3.11307076597122,12.3231967975037
"149","Brilliants","22687794","Aglaeactis_aliciae","Aglaeactis_aliciae","Purple-backed Sunbeam","Endangered",1,"Decreasing",1,7.8,19.93,182.7,"3000","3200",200,19.2146559,"Not a Migrant","0","Non-forest","0","0",2.05412373369555,2.9922261342247,5.20784546338396
"150","Brilliants","22687798","Aglaeactis_pamela","Aglaeactis_pamela","Black-hooded Sunbeam","Least Concern",0,"Stable",0,5.5,22.25,16549.6,"3000","3500",500,23.8186612,"Altitudinal Migrant","1","Low","0","0",1.70474809223843,3.10234200861225,9.71411721132884
"151","Brilliants","22687801","Lafresnaya_lafresnayi","Lafresnaya_lafresnayi","Mountain Velvetbreast","Least Concern",0,"Stable",0,5.3,30.72,312914.899999987,"1800","3600",1800,25.17744808,"Altitudinal Migrant","1","Medium","0","0",1.66770682055808,3.42491390827947,12.6536865475708
"152","Brilliants","22687804","Pterophanes_cyanopterus","Pterophanes_cyanopterus","Great Sapphirewing","Least Concern",0,"Stable",0,9.25,37.97,232558.299999995,"2600","3700",1100,24.34813718,"Not a Migrant","0","Medium","0","0",2.22462355152433,3.63679637424371,12.3568962252645
"153","Brilliants","22687807","Coeligena_coeligena","Coeligena_coeligena","Bronzy Inca","Least Concern",0,"Stable",0,6.8,37.92,384688.499999992,"400","2600",2200,24.4337766,"Not a Migrant","0","Medium","0","0",1.91692261218206,3.63547867738682,12.8601891948701
"154","Brilliants","22687810","Coeligena_wilsoni","Coeligena_wilsoni","Brown Inca","Least Concern",0,"Decreasing",1,6.7,33.73,34158.9000000007,"700","2400",1700,26.83298089,"Not a Migrant","0","High","1","0",1.90210752639692,3.51838764907356,10.4387784459789
"155","Brilliants","22687813","Coeligena_prunellei","Coeligena_prunellei","Black Inca","Vulnerable",1,"Decreasing",1,6.98,31.95,6383.00000000001,"1600","2700",1100,33.35559178,"Not a Migrant","0","High","1","0",1.94304891677428,3.46417218082354,8.76139348525606
"156","Brilliants","22687834","Coeligena_helianthea","Coeligena_helianthea","Blue-throated Starfrontlet","Least Concern",0,"Unknown",NA,6.64,36.15,42112.9000000014,"1900","3300",1400,32.33384143,"Not a Migrant","0","Medium","0","0",1.89311196348834,3.58767694860477,10.6481093860372
"157","Brilliants","22687837","Coeligena_lutetiae","Coeligena_lutetiae","Buff-winged Starfrontlet","Least Concern",0,"Decreasing",1,7.29,41.41,63339.500000002,"2600","3700",1100,27.13257494,"Not a Migrant","0","High","1","0",1.98650354602057,3.72352239755748,11.0562644261556
"158","Brilliants","22687847","Coeligena_iris","Coeligena_iris","Rainbow Starfrontlet","Least Concern",0,"Decreasing",1,6.9,37.13,80713.7999999966,"1700","4000",2300,23.75412791,"Not a Migrant","0","Medium","0","0",1.93152141160321,3.61442526818899,11.298664843356
"159","Brilliants","22687854","Ensifera_ensifera","Ensifera_ensifera","Sword-billed Hummingbird","Least Concern",0,"Stable",0,11.2,98.55,398274.900000012,"1700","3600",1900,23.38863656,"Altitudinal Migrant","1","High","1","0",2.41591377830105,4.59056403359873,12.8948977493583
"160","Coquettes","22687857","Sephanoides_sephaniodes","Sephanoides_sephaniodes","Green-backed Firecrown","Least Concern",0,"Decreasing",1,5.17,22.25,554268.699999985,"0","2000",2000,15.55689834,"Full Migrant","1","Medium","0","0",1.64287268852034,3.10234200861225,13.2254048661967
"161","Brilliants","22687868","Boissonneaua_flavescens","Boissonneaua_flavescens","Buff-tailed Coronet","Least Concern",0,"Unknown",NA,8.2,20.7,128711.6,"1500","3600",2100,26.83293949,"Not a Migrant","0","High","1","0",2.10413415427021,3.03013370027132,11.7653295216127
"162","Brilliants","22687871","Boissonneaua_matthewsii","Boissonneaua_matthewsii","Chestnut-breasted Coronet","Least Concern",0,"Unknown",NA,7.7,23.29,127439.999999996,"1200","3300",2100,21.83322014,"Not a Migrant","0","High","1","0",2.04122032885964,3.14802408389625,11.7554009445839
"163","Coquettes","22687877","Heliangelus_mavors","Heliangelus_mavors","Orange-throated Sunangel","Least Concern",0,"Stable",0,4.2,17.8,38610.6000000008,"1500","3200",1700,31.19019521,"Not a Migrant","0","Medium","0","0",1.43508452528932,2.87919845729804,10.5612821291531
"164","Coquettes","22687890","Heliangelus_strophianus","Heliangelus_strophianus","Gorgeted Sunangel","Least Concern",0,"Decreasing",1,5.5,17.1,9555.1,"2000","3200",1200,28.55299933,"Not a Migrant","0","High","1","0",1.70474809223843,2.83907846350861,9.16483032234436
"165","Coquettes","22687898","Heliangelus_viola","Heliangelus_viola","Purple-throated Sunangel","Least Concern",0,"Stable",0,5.4,19.34,35976.7999999992,"1000","3200",2200,24.48436962,"Not a Migrant","0","Medium","0","0",1.68639895357023,2.96217549002515,10.4906295652502
"166","Coquettes","22687901","Heliangelus_regalis","Heliangelus_regalis","Royal Sunangel","Endangered",1,"Decreasing",1,3.6,18.35,3514.4,"1350","2200",850,17.42228414,"Not a Migrant","0","Medium","0","0",1.28093384546206,2.90962957450058,8.16462409266157
"167","Brilliants","22687909","Eriocnemis_nigrivestis","Eriocnemis_nigrivestis","Black-breasted Puffleg","Critically Endangered",1,"Decreasing",1,4.45,19.3,77.8999999999998,"2745","4570",1825,29.97730102,"Not a Migrant","0","High","1","0",1.49290409617815,2.96010509591084,4.3554259528767
"168","Brilliants","22687914","Eriocnemis_vestita","Eriocnemis_vestita","Glowing Puffleg","Least Concern",0,"Stable",0,4.54,22.26,97835.399999998,"2300","3850",1550,28.45887708,"Not a Migrant","0","Medium","0","0",1.51292701205326,3.1027913458474,11.4910417537202
"169","Brilliants","22687922","Eriocnemis_godini","Eriocnemis_godini","Turquoise-throated Puffleg","Critically Endangered",1,"Unknown",NA,5.06,23.37,NA,"2100","2300",200,NA,"Not a Migrant","0","High","1","0",1.62136648329937,3.15145314855077,NA
"170","Brilliants","22687930","Eriocnemis_cupreoventris","Eriocnemis_cupreoventris","Coppery-bellied Puffleg","Near Threatened",0,"Decreasing",1,5.3,20.7,49722.4999999999,"2000","3000",1000,29.6913083,"Not a Migrant","0","Medium","0","0",1.66770682055808,3.03013370027132,10.8142128259374
"171","Brilliants","22687936","Eriocnemis_glaucopoides","Eriocnemis_glaucopoides","Blue-capped Puffleg","Least Concern",0,"Stable",0,3.7,24.95,57133.6999999998,"1500","3400",1900,19.7009301,"Not a Migrant","0","Medium","0","0",1.30833281965018,3.21687382219753,10.9531494141934
"172","Brilliants","22687944","Eriocnemis_aline","Eriocnemis_alinae","Emerald-bellied Puffleg","Least Concern",0,"Decreasing",1,4.24,18.05,68341.9000000033,"1000","2700",1700,23.86122349,"Not a Migrant","0","High","1","0",1.44456326924387,2.89314568477889,11.1322783274485
"173","Brilliants","22687947","Eriocnemis_derbyi","Eriocnemis_derbyi","Black-thighed Puffleg","Near Threatened",0,"Decreasing",1,5.06,21.88,24534.6999999989,"2800","3650",850,28.65798937,"Altitudinal Migrant","1","Medium","0","0",1.62136648329937,3.08557297755378,10.107843721019
"174","Brilliants","22687957","Haplophaedia_lugens","Haplophaedia_lugens","Hoary Puffleg","Near Threatened",0,"Decreasing",1,6.9,19.2,4915.20000000001,"1200","2200",1000,28.61644554,"Not a Migrant","0","High","1","0",1.93152141160321,2.95491027903374,8.5000877235133
"175","Brilliants","22687965","Urosticte_ruficrissa","Urosticte_ruficrissa","Rufous-vented Whitetip","Least Concern",0,"Decreasing",1,4.3,23,31247.6000000007,"1300","2300",1000,22.33514259,"Not a Migrant","0","High","1","0",1.45861502269952,3.13549421592915,10.3496978522153
"176","Brilliants","22687968","Ocreatus_underwoodii","Ocreatus_underwoodii","Booted Racket-tail","Least Concern",0,"Stable",0,3,19.19,385606.199999985,"600","4000",3400,23.54835303,"Altitudinal Migrant","1","High","1","0",1.09861228866811,2.95438931001961,12.8625719204274
"177","Brilliants","22687971","Lesbia_victoriae","Lesbia_victoriae","Black-tailed Trainbearer","Least Concern",0,"Stable",0,5,18.28,197468.399999991,"2300","4100",1800,24.92883471,"Not a Migrant","0","Medium","0","0",1.6094379124341,2.905807566026,12.1933338505219
"178","Brilliants","22687974","Lesbia_nuna","Lesbia_nuna","Green-tailed Trainbearer","Least Concern",0,"Stable",0,3.7,17.9,251935.199999994,"1700","3800",2100,24.13073542,"Not a Migrant","0","Low","0","0",1.30833281965018,2.88480071284671,12.4369271905695
"179","Brilliants","22687977","Sappho_sparganurus","Sappho_sparganura","Red-tailed Comet","Least Concern",0,"Stable",0,5.3,20.15,409718.700000012,"1500","4000",2500,19.80672575,"Not a Migrant","0","Low","0","0",1.66770682055808,3.00320428839269,12.9232261056469
"180","Brilliants","22687980","Polyonymus_caroli","Polyonymus_caroli","Bronze-tailed Comet","Least Concern",0,"Stable",0,4.8,23.8,159553.499999993,"1500","3600",2100,22.02213853,"Not a Migrant","0","Low","0","0",1.56861591791385,3.16968558067743,11.9801345681627
"181","Brilliants","22687984","Ramphomicron_microrhynchum","Ramphomicron_microrhynchum","Purple-backed Thornbill","Least Concern",0,"Decreasing",1,3.6,10.1,203532.199999996,"1700","3600",1900,26.25461847,"Not a Migrant","0","Medium","0","0",1.28093384546206,2.31253542384721,12.2235795023058
"182","Brilliants","22687987","Ramphomicron_dorsale","Ramphomicron_dorsale","Black-backed Thornbill","Endangered",1,"Decreasing",1,3.5,12.7,2604.09999999999,"NA","NA",NA,35.63719497,"Altitudinal Migrant","1","High","1","0",1.25276296849537,2.54160199346455,7.86484240504886
"183","Brilliants","22687993","Metallura_baroni","Metallura_baroni","Violet-throated Metaltail","Endangered",1,"Decreasing",1,4.3,16.77,2725.50000000001,"3100","3800",700,27.80315428,"Not a Migrant","0","High","1","0",1.45861502269952,2.81959157583512,7.91040717650434
"184","Brilliants","22687998","Metallura_odomae","Metallura_odomae","Neblina Metaltail","Least Concern",0,"Decreasing",1,5.1,20.15,8418.39999999998,"2600","3400",800,22.89074995,"Not a Migrant","0","High","1","0",1.62924053973028,3.00320428839269,9.0381750654266
"185","Brilliants","22688002","Metallura_theresiae","Metallura_theresiae","Coppery Metaltail","Least Concern",0,"Decreasing",1,4.9,17.1,34923.4999999996,"2800","3550",750,20.77388443,"Not a Migrant","0","High","1","0",1.58923520511658,2.83907846350861,10.460915234026
"186","Brilliants","22688005","Metallura_eupogon","Metallura_eupogon","Fire-throated Metaltail","Least Concern",0,"Decreasing",1,4.6,17.8,35465.5000000005,"3100","3800",700,20.63826094,"Not a Migrant","0","High","1","0",1.52605630349505,2.87919845729804,10.4763156719437
"187","Brilliants","22688009","Metallura_aeneocauda","Metallura_aeneocauda","Scaled Metaltail","Least Concern",0,"Decreasing",1,5.2,19,49696.4999999987,"2500","3600",1100,18.67360691,"Not a Migrant","0","High","1","0",1.64865862558738,2.94443897916644,10.8136897870697
"188","Brilliants","22688012","Metallura_phoebe","Metallura_phoebe","Black Metaltail","Least Concern",0,"Decreasing",1,5.4,21.7,142045.299999995,"1500","4500",3000,21.88821496,"Not a Migrant","0","Low","0","0",1.68639895357023,3.07731226054641,11.8639012997937
"189","Brilliants","22688015","Metallura_tyrianthina","Metallura_tyrianthina","Tyrian Metaltail","Least Concern",0,"Stable",0,3.8,16.6,422578.600000014,"1500","4200",2700,24.82202589,"Altitudinal Migrant","1","High","1","0",1.33500106673234,2.8094026953625,12.9541307439799
"190","Brilliants","22688018","Metallura_iracunda","Metallura_iracunda","Perija Metaltail","Endangered",1,"Decreasing",1,3.85,14.42,1651,"NA","NA",NA,32.10181464,"Not a Migrant","0","Medium","0","0",1.34807314829969,2.6686161318568,7.40913644392013
"191","Brilliants","22688024","Chalcostigma_ruficeps","Chalcostigma_ruficeps","Rufous-capped Thornbill","Least Concern",0,"Stable",0,3.4,15.96,123504.100000002,"1400","3800",2400,20.81528631,"Not a Migrant","0","High","1","0",1.22377543162212,2.77008559202166,11.7240296328797
"192","Brilliants","22688027","Chalcostigma_olivaceum","Chalcostigma_olivaceum","Olivaceous Thornbill","Least Concern",0,"Stable",0,8.5,15.28,65216.200000001,"3500","4700",1200,22.6075145,"Not a Migrant","0","Low","0","0",2.14006616349627,2.72654478373837,11.0854631833098
"193","Brilliants","22688030","Chalcostigma_stanleyi","Chalcostigma_stanleyi","Blue-mantled Thornbill","Least Concern",0,"Decreasing",1,5.8,13.9,120425.3,"2200","4500",2300,20.93113102,"Altitudinal Migrant","1","Low","0","0",1.75785791755237,2.63188884013665,11.6987849226724
"194","Brilliants","22688033","Chalcostigma_heteropogon","Chalcostigma_heteropogon","Bronze-tailed Thornbill","Least Concern",0,"Decreasing",1,6.1,15.85,29040.899999999,"2800","3900",1100,31.98871918,"Not a Migrant","0","Low","0","0",1.80828877117927,2.76316950032329,10.276460460194
"195","Brilliants","22688036","Chalcostigma_herrani","Chalcostigma_herrani","Rainbow-bearded Thornbill","Least Concern",0,"Decreasing",1,5.8,16.51,75957.4000000019,"2450","4000",1550,26.54719581,"Not a Migrant","0","Low","0","0",1.75785791755237,2.80396625793204,11.2379279357991
"196","Brilliants","22688046","Opisthoprora_euryptera","Opisthoprora_euryptera","Mountain Avocetbill","Least Concern",0,"Stable",0,5.76,16.45,26992.1999999988,"2600","3600",1000,23.96509731,"Not a Migrant","0","Medium","0","0",1.7509374747078,2.80032547721138,10.2033032143611
"197","Brilliants","22688049","Taphrolesbia_griseiventris","Taphrolesbia_griseiventris","Grey-bellied Comet","Endangered",1,"Decreasing",1,8.94,22.75,4114.50000000001,"2750","3200",450,23.91152611,"Not a Migrant","0","Non-forest","0","0",2.19053558918542,3.12456514539696,8.32227259904577
"198","Brilliants","22688059","Aglaiocercus_coelestis","Aglaiocercus_coelestis","Violet-tailed Sylph","Least Concern",0,"Stable",0,5.61,19.2,28059.8999999992,"800","2300",1500,26.83298089,"Not a Migrant","0","Medium","0","0",1.72455071953461,2.95491027903374,10.2420967898582
"199","Mangoes","22688111","Heliothryx_auritus","Heliothryx_auritus","Black-eared Fairy","Least Concern",0,"Decreasing",1,5.4,24.08,6893426.3,"0","1300",1300,11.58742017,"Not a Migrant","0","High","1","0",1.68639895357023,3.18138162044062,15.7460788053058
"200","Mangoes","22688119","Heliactin_bilophus","Heliactin_bilophus","Horned Sungem","Least Concern",0,"Increasing",0,4.4,19.3,3875515.10000015,"0","1000",1000,20.78951278,"Full Migrant","1","Medium","0","0",1.48160454092422,2.96010509591084,15.1701891409676
"201","Brilliants","22688130","Loddigesia_mirabilis","Loddigesia_mirabilis","Marvelous Spatuletail","Endangered",1,"Decreasing",1,3,19.53,1772.90000000001,"2000","2900",900,16.5323844,"Not a Migrant","0","Medium","0","0",1.09861228866811,2.97195174488859,7.48037190290434
"202","Mountain Gems","22688135","Heliomaster_constantii","Heliomaster_constantii","Plain-capped Starthroat","Least Concern",0,"Stable",0,7.3,35.43,553813.600000006,"0","1500",1500,31.02498452,"Not a Migrant","0","Medium","0","0",1.98787434815435,3.56755891887738,13.2245834470195
"203","Mountain Gems","22688141","Heliomaster_squamosus","Heliomaster_squamosus","Stripe-breasted Starthroat","Least Concern",0,"Stable",0,5.9,32.5,1519239.7,"0","800",800,28.47497064,"Not a Migrant","0","Medium","0","0",1.77495235091167,3.48124008933569,14.2337205703136
"204","Bees","22688147","Rhodopis_vesper","Rhodopis_vesper","Oasis Hummingbird","Least Concern",0,"Stable",0,3.8,34.95,305656.999999991,"0","3800",3800,18.59759592,"Not a Migrant","0","Non-forest","0","0",1.33500106673234,3.55391846867982,12.6302188372067
"205","Bees","22688150","Thaumastura_cora","Thaumastura_cora","Peruvian Sheartail","Least Concern",0,"Stable",0,1.9,16.33,172139.300000006,"0","2800",2800,21.65303051,"Not a Migrant","0","Non-forest","0","0",0.641853886172395,2.79300390698237,12.0560593117377
"206","Bees","22688153","Calliphlox_bryantae","Calliphlox_bryantae","Magenta-throated Woodstar","Least Concern",0,"Stable",0,3.3,18.8,9185.30000000005,"700","1850",1150,37.22006766,"Not a Migrant","0","Medium","0","0",1.19392246847243,2.9338568698359,9.12535965906467
"207","Bees","22688163","Calliphlox_mitchellii","Calliphlox_mitchellii","Purple-throated Woodstar","Least Concern",0,"Stable",0,3.1,16.93,59801.800000002,"800","2400",1600,28.20710301,"Altitudinal Migrant","1","High","1","0",1.1314021114911,2.82908719614504,10.9987910398202
"208","Bees","22688172","Doricha_enicura","Doricha_enicura","Slender Sheartail","Least Concern",0,"Decreasing",1,2.4,22.05,78586.3999999995,"1000","3000",2000,37.08707386,"Not a Migrant","0","Medium","0","0",0.8754687373539,3.09331260189286,11.2719539354564
"209","Bees","22688175","Doricha_eliza","Doricha_eliza","Mexican Sheartail","Near Threatened",0,"Decreasing",1,2.5,23.1,2908.69999999999,"0","300",300,35.03660277,"Not a Migrant","0","Low","0","0",0.916290731874155,3.13983261752775,7.97546152495436
"210","Bees","22688178","Tilmatura_dupontii","Tilmatura_dupontii","Sparkling-tailed Woodstar","Least Concern",0,"Stable",0,2.2,15.6,299179.799999986,"500","2500",2000,33.21460502,"Not a Migrant","0","High","1","0",0.78845736036427,2.74727091425549,12.6088000094343
"211","Bees","22688182","Microstilbon_burmeisteri","Microstilbon_burmeisteri","Slender-tailed Woodstar","Least Concern",0,"Stable",0,2.5,17.5,109879.099999998,"1600","2000",400,19.44075276,"Not a Migrant","0","Low","0","0",0.916290731874155,2.86220088092947,11.6071359494221
"212","Bees","22688185","Calothorax_lucifer","Calothorax_lucifer","Lucifer Hummingbird","Least Concern",0,"Stable",0,3.3,23.1,338097.500000004,"0","2200",2200,24.70612916,"Full Migrant","1","Low","0","0",1.19392246847243,3.13983261752775,12.7310895944066
"213","Bees","22688189","Calothorax_pulcher","Calothorax_pulcher","Beautiful Hummingbird","Least Concern",0,"Stable",0,2.7,21.4,52861.8999999981,"1000","2200",1200,34.53218497,"Not a Migrant","0","Medium","0","0",0.993251773010283,3.06339092202781,10.8754381315153
"214","Bees","22688193","Archilochus_colubris","Archilochus_colubris","Ruby-throated Hummingbird","Least Concern",0,"Increasing",0,3.09,20.4,4936987.60000002,"0","1500",1500,28.87820252,"Full Migrant","1","Medium","0","0",1.12817109090965,3.01553490085017,15.4122659055911
"215","Bees","22688196","Archilochus_alexandri","Archilochus_alexandri","Black-chinned Hummingbird","Least Concern",0,"Increasing",0,3.39,21.63,2371676.79999991,"0","2000",2000,19.4481724,"Full Migrant","1","High","1","0",1.22082992139236,3.07408123996497,14.6791077734922
"216","Bees","22688199","Calypte_anna","Calypte_anna","Anna's Hummingbird","Least Concern",0,"Increasing",0,4.24,20.33,492758.199999983,"0","1800",1800,15.75821479,"Full Migrant","1","Medium","0","0",1.44456326924387,3.01209762764026,13.1077738661753
"217","Bees","22688202","Calypte_costae","Calypte_costae","Costa's Hummingbird","Least Concern",0,"Stable",0,3.09,18.88,563599.199999978,"0","1000",1000,18.73771587,"Full Migrant","1","Non-forest","0","0",1.12817109090965,2.93810316071735,13.2420986395592
"218","Bees","22688211","Calliphlox_amethystina","Calliphlox_amethystina","Amethyst Woodstar","Least Concern",0,"Decreasing",1,2.8,19.38,7988124.99999988,"0","1500",1500,18.43846249,"Full Migrant","1","Medium","0","0",1.02961941718116,2.96424160646262,15.8934666218681
"219","Bees","22688214","Mellisuga_helenae","Mellisuga_helenae","Bee Hummingbird","Near Threatened",0,"Decreasing",1,2.2,12.18,108875.899999995,"0","500",500,41.95187492,"Not a Migrant","0","Medium","0","0",0.78845736036427,2.49979526228175,11.5979639804811
"220","Bees","22688229","Mellisuga_minima","Mellisuga_minima","Vervain Hummingbird","Least Concern",0,"Stable",0,2.4,11.2,86168.3999999962,"0","1100",1100,38.75244767,"Not a Migrant","0","Medium","0","0",0.8754687373539,2.41591377830105,11.3640588001143
"221","Bees","22688235","Atthis_heloisa","Atthis_heloisa","Bumblebee Hummingbird","Least Concern",0,"Stable",0,2.2,14.73,247486.69999999,"1500","3000",1500,30.97354132,"Not a Migrant","0","High","1","0",0.78845736036427,2.68988623047454,12.4191121221732
"222","Bees","22688238","Atthis_ellioti","Atthis_ellioti","Wine-throated Hummingbird","Least Concern",0,"Stable",0,2.9,14.83,94984.699999997,"1500","3500",2000,36.31947435,"Not a Migrant","0","High","1","0",1.06471073699243,2.69665215614984,11.4614711049807
"223","Bees","22688241","Myrtis_fanny","Myrtis_fanny","Purple-collared Woodstar","Least Concern",0,"Stable",0,2.3,20.08,256480.000000005,"700","3200",2500,23.30331477,"Not a Migrant","0","Low","0","0",0.832909122935104,2.99972429482353,12.4548059678434
"224","Bees","22688248","Myrmia_micrura","Myrmia_micrura","Short-tailed Woodstar","Least Concern",0,"Stable",0,2.21,14.93,72175.8999999992,"0","200",200,26.49828304,"Not a Migrant","0","Non-forest","0","0",0.792992515529661,2.7033726115511,11.1868614741451
"225","Bees","22688251","Chaetocercus_mulsant","Chaetocercus_mulsant","White-bellied Woodstar","Least Concern",0,"Stable",0,3.9,21.3,263642.999999998,"800","3500",2700,24.40772692,"Not a Migrant","0","Medium","0","0",1.3609765531356,3.05870707271538,12.4823511942553
"226","Bees","22688257","Chaetocercus_bombus","Chaetocercus_bombus","Little Woodstar","Vulnerable",1,"Decreasing",1,6.5,15.68,174135.500000003,"0","3000",3000,22.55495767,"Not a Migrant","0","High","1","0",1.87180217690159,2.75238601492226,12.0675890107716
"227","Bees","22688268","Chaetocercus_heliodor","Chaetocercus_heliodor","Gorgeted Woodstar","Least Concern",0,"Stable",0,3.01,15.78,113211.199999998,"1000","3000",2000,28.72138039,"Not a Migrant","0","Medium","0","0",1.10194007876078,2.75874331541773,11.6370103797863
"228","Bees","22688274","Chaetocercus_astreans","Chaetocercus_astreans","Santa Marta Woodstar","Least Concern",0,"Stable",0,3.21,15.7,6505.10000000002,"NA","NA",NA,35.63719497,"Not a Migrant","0","High","1","0",1.16627093714192,2.75366071235426,8.78034176361861
"229","Bees","22688279","Chaetocercus_berlepschi","Chaetocercus_berlepschi","Esmeraldas Woodstar","Endangered",1,"Decreasing",1,3.01,15.53,4383.40000000001,"0","100",100,30.69157952,"Not a Migrant","0","High","1","0",1.10194007876078,2.7427736371606,8.38557995794762
"230","Bees","22688290","Chaetocercus_jourdanii","Chaetocercus_jourdanii","Rufous-shafted Woodstar","Least Concern",0,"Stable",0,3.26,14.83,46449.6999999981,"900","2500",1600,31.1364668,"Not a Migrant","0","Low","0","0",1.18172719537862,2.69665215614984,10.7461252856635
"231","Bees","22688293","Selasphorus_platycercus","Selasphorus_platycercus","Broad-tailed Hummingbird","Least Concern",0,"Stable",0,3.54,20.75,696927.699999996,"1500","2500",1000,19.54661648,"Full Migrant","1","High","1","0",1.26412672714568,3.03254624667671,13.4544369540897
"232","Bees","22688302","Selasphorus_flammula","Selasphorus_flammula","Volcano Hummingbird","Least Concern",0,"Stable",0,2.69,14.43,4598.20000000002,"1800","3500",1700,38.39133008,"Altitudinal Migrant","1","Low","0","0",0.989541193613748,2.66930937278578,8.43342020154984
"233","Bees","22688305","Selasphorus_scintilla","Selasphorus_scintilla","Scintillant Hummingbird","Least Concern",0,"Stable",0,2.2,14.33,9422.59999999999,"900","2100",1200,37.22006766,"Not a Migrant","0","Low","0","0",0.78845736036427,2.66235524184008,9.15086633797964
"234","Bees","22688308","Selasphorus_ardens","Selasphorus_ardens","Glow-throated Hummingbird","Endangered",1,"Decreasing",1,3.08,14.35,1490.50000000001,"750","1850",1100,38.0426254,"Not a Migrant","0","High","1","0",1.12492959698548,2.66374994220563,7.30686691311813
"235","Emeralds","22724454","Chlorostilbon_forficatus","Chlorostilbon_forficatus","Cozumel Emerald","Least Concern",0,"Unknown",NA,2.61,16.78,488.299999999998,"NA","NA",NA,15.2627783,"Not a Migrant","0","Medium","0","0",0.959350221334602,2.82018770103906,6.19092997106761
"236","Emeralds","22724623","Chlorostilbon_olivaresi","Chlorostilbon_olivaresi","Chiribiquete Emerald","Least Concern",0,"Unknown",NA,3.69,22.2,6529.3,"NA","NA",NA,4.33011005,"Not a Migrant","0","Low","0","0",1.30562645805244,3.10009228887823,8.78405501897464
"237","Hermits","22725723","Phaethornis_longirostris","Phaethornis_longirostris","Long-billed Hermit","Least Concern",0,"Unknown",NA,6,41.77,698780.099999973,"0","2500",2500,32.10980852,"Not a Migrant","0","High","1","1",1.79175946922805,3.73217837850908,13.4570913794467
"238","Hermits","22725731","Phaethornis_baroni","Phaethornis_baroni","Ecuadorian Hermit","Least Concern",0,"Unknown",NA,NA,NA,NA,"NA","NA",NA,27.65398542,"Not a Migrant","0","High","1","1",NA,NA,NA
"239","Mangoes","22725737","Anthracothorax_dominicus","Anthracothorax_dominicus","Hispaniolan Mango","Least Concern",0,"Unknown",NA,5.77,27.88,84809.6000000023,"0","800",800,38.00038975,"Not a Migrant","0","Low","0","0",1.75267208052001,3.32790958589232,11.3481640229197
"240","Mangoes","22725745","Anthracothorax_aurulentus","Anthracothorax_aurulentus","Puerto Rican Mango","Least Concern",0,"Decreasing",1,NA,NA,NA,"NA","NA",NA,62.73421949,"Not a Migrant","0","Low","0","0",NA,NA,NA
"241","Emeralds","22725751","Stephanoxis_lalandi","Stephanoxis_lalandi","Green-crowned Plovercrest","Least Concern",0,"Unknown",NA,4,13.47,1134236.59999996,"0","2900",2900,36.71418802,"Not a Migrant","0","Medium","0","0",1.38629436111989,2.60046499042227,13.9414703834824
"242","Emeralds","22725761","Stephanoxis_loddigesii","Stephanoxis_loddigesii","Violet-crowned Plovercrest","Least Concern",0,"Unknown",NA,NA,NA,NA,"NA","NA",NA,30.04745111,"Not a Migrant","0","Medium","0","0",NA,NA,NA
"243","Emeralds","22725767","Cynanthus_latirostris","Cynanthus_latirostris","Broad-billed Hummingbird","Least Concern",0,"Increasing",0,3.1,21.06,742828.300000014,"0","2000",2000,25.52171689,"Full Migrant","1","Low","0","0",1.1314021114911,3.04737550670583,13.5182202068195
"244","Emeralds","22725775","Cynanthus_doubledayi","Cynanthus_doubledayi","Turquoise-crowned Hummingbird","Least Concern",0,"Stable",0,NA,NA,NA,"NA","NA",NA,34.20731945,"Not a Migrant","0","Low","0","0",NA,NA,NA
"245","Mountain Gems","22725795","Lampornis_castaneoventris","Lampornis_castaneoventris","White-throated Mountain-gem","Least Concern",0,"Unknown",NA,5.08,23.65,1530.6,"800","2000",1200,36.70602401,"Altitudinal Migrant","1","Medium","0","0",1.62531126159039,3.16336311493794,7.33341509437582
"246","Mountain Gems","22725806","Lampornis_cinereicauda","Lampornis_cinereicauda","Grey-tailed Mountain-gem","Least Concern",0,"Unknown",NA,NA,NA,NA,"NA","NA",NA,38.39133008,"Altitudinal Migrant","1","Medium","0","0",NA,NA,NA
"247","Brilliants","22725814","Urochroa_bougueri","Urochroa_bougueri","Rufous-gaped Hillstar","Least Concern",0,"Unknown",NA,11.4,32.78,72914.500000003,"500","2500",2000,29.49103278,"Not a Migrant","0","High","1","0",2.43361335540045,3.48981857331568,11.1970428008246
"248","Brilliants","22725822","Urochroa_leucura","Urochroa_leucura","White-tailed Hillstar","Least Concern",0,"Unknown",NA,NA,NA,NA,"NA","NA",NA,22.47847413,"Not a Migrant","0","High","1","0",NA,NA,NA
"249","Emeralds","22726267","Cynanthus_lawrencei","Cynanthus_lawrencei","Tres Marias Hummingbird","Near Threatened",0,"Stable",0,NA,NA,NA,"NA","NA",NA,23.9105263,"Not a Migrant","0","Low","0","0",NA,NA,NA
"250","Hermits","22726352","Phaethornis_mexicanus","Phaethornis_mexicanus","Mexican Hermit","Least Concern",0,"Unknown",NA,NA,NA,NA,"NA","NA",NA,34.51943408,"Not a Migrant","0","High","1","1",NA,NA,NA
"251","Hermits","22726661","Phaethornis_griseogularis","Phaethornis_griseogularis","Grey-chinned Hermit","Least Concern",0,"Unknown",NA,2.3,24.33,385188.899999986,"500","2000",1500,17.51743565,"Not a Migrant","0","High","1","1",0.832909122935104,3.19171015679543,12.8614891422915
"252","Hermits","22726671","Phaethornis_porcullae","Phaethornis_porcullae","Porculla Hermit","Least Concern",0,"Unknown",NA,NA,NA,NA,"NA","NA",NA,23.75912436,"Not a Migrant","0","High","1","1",NA,NA,NA
"253","Coquettes","22726682","Lophornis_chalybeus","Lophornis_chalybeus","Festive Coquette","Near Threatened",0,"Unknown",NA,3,16.28,2971936.30000002,"0","1000",1000,35.14800836,"Not a Migrant","0","Medium","0","0",1.09861228866811,2.78993736057439,14.9047242512119
"254","Coquettes","22726690","Lophornis_verreauxii","Lophornis_verreauxii","Butterfly Coquette","Least Concern",0,"Decreasing",1,NA,NA,NA,"NA","NA",NA,8.254079852,"Not a Migrant","0","Medium","0","0",NA,NA,NA
"255","Emeralds","22726696","Thalurania_colombica","Thalurania_colombica","Crowned Woodnymph","Least Concern",0,"Decreasing",1,4.5,20.9,471399.099999987,"0","2000",2000,29.81437935,"Not a Migrant","0","Medium","0","0",1.50407739677627,3.03974915897077,13.0634603602757
"256","Emeralds","22726714","Amazilia_bartletti","Amazilia_bartletti","Spot-vented Emerald","Least Concern",0,"Decreasing",1,NA,NA,NA,"NA","NA",NA,11.58800162,"Not a Migrant","0","Medium","0","0",NA,NA,NA
"257","Brilliants","22726720","Coeligena_torquata","Coeligena_torquata","Collared Inca","Least Concern",0,"Decreasing",1,6.72,41.49,403698.499999996,"1500","3500",2000,23.65134714,"Not a Migrant","0","High","1","0",1.90508815453506,3.72545243434478,12.9084235912037
"258","Brilliants","22726729","Coeligena_conradii","Coeligena_conradii","Green Inca","Least Concern",0,"Decreasing",1,NA,NA,NA,"NA","NA",NA,32.36398086,"Not a Migrant","0","High","1","0",NA,NA,NA
"259","Brilliants","22726736","Coeligena_eisenmanni","Coeligena_eisenmanni","Vilcabamba Inca","Least Concern",0,"Decreasing",1,NA,NA,NA,"NA","NA",NA,14.4235813,"Not a Migrant","0","High","1","0",NA,NA,NA
"260","Brilliants","22726743","Coeligena_inca","Coeligena_inca","Gould's Inca","Least Concern",0,"Decreasing",1,NA,NA,NA,"NA","NA",NA,17.99824472,"Not a Migrant","0","High","1","0",NA,NA,NA
"261","Brilliants","22726750","Coeligena_violifer","Coeligena_violifer","Bolivian Starfrontlet","Least Concern",0,"Decreasing",1,7.39,39.25,192529.599999995,"1300","3900",2600,20.5847913,"Not a Migrant","0","High","1","0",2.00012773496011,3.66995144422842,12.1680051871229
"262","Brilliants","22726758","Coeligena_dichroura","Coeligena_dichroura","Huanuco Starfrontlet","Least Concern",0,"Decreasing",1,NA,NA,NA,"NA","NA",NA,20.38767959,"Not a Migrant","0","High","1","0",NA,NA,NA
"263","Brilliants","22726764","Coeligena_albicaudata","Coeligena_albicaudata","Apurimac Starfrontlet","Least Concern",0,"Decreasing",1,NA,NA,NA,"NA","NA",NA,19.44301505,"Not a Migrant","0","High","1","0",NA,NA,NA
"264","Brilliants","22726770","Coeligena_osculans","Coeligena_osculans","Cuzco Starfrontlet","Least Concern",0,"Decreasing",1,NA,NA,NA,"NA","NA",NA,16.58213586,"Not a Migrant","0","High","1","0",NA,NA,NA
"265","Brilliants","22726790","Oxypogon_guerinii","Oxypogon_guerinii","Green-bearded Helmetcrest","Least Concern",0,"Decreasing",1,4.8,12.72,35247.6999999998,"3000","5200",2200,31.89959794,"Not a Migrant","0","Non-forest","0","0",1.56861591791385,2.54317555791198,10.4701555578847
"266","Brilliants","22726804","Oxypogon_lindenii","Oxypogon_lindenii","White-bearded Helmetcrest","Least Concern",0,"Decreasing",1,NA,NA,NA,"NA","NA",NA,31.2982592,"Not a Migrant","0","Non-forest","0","0",NA,NA,NA
"267","Brilliants","22726810","Oxypogon_stuebelii","Oxypogon_stuebelii","Buffy Helmetcrest","Vulnerable",1,"Stable",0,NA,NA,NA,"NA","NA",NA,35.33672905,"Not a Migrant","0","Non-forest","0","0",NA,NA,NA
"268","Mangoes","22726816","Schistes_geoffroyi","Schistes_geoffroyi","Eastern Wedge-billed Hummingbird","Least Concern",0,"Stable",0,3.6,17.46,639941.099999987,"800","2500",1700,21.89068952,"Not a Migrant","0","High","1","0",1.28093384546206,2.85991255041146,13.3691314198507
"269","Mangoes","22726824","Schistes_albogularis","Schistes_albogularis","Western Wedge-billed Hummingbird","Least Concern",0,"Stable",0,NA,NA,NA,"NA","NA",NA,28.28110141,"Not a Migrant","0","High","1","0",NA,NA,NA
"270","Coquettes","22727923","Oreonympha_nobilis","Oreonympha_nobilis","Eastern Mountaineer","Least Concern",0,"Stable",0,7.7,26.93,61823.9000000026,"2500","3800",1300,23.45436335,"Not a Migrant","0","Medium","0","0",2.04122032885964,3.29324090682351,11.0320453000761
"271","Coquettes","22727930","Oreonympha_albolimbata","Oreonympha_albolimbata","Western Mountaineer","Least Concern",0,"Stable",0,NA,NA,NA,"NA","NA",NA,20.08358636,"Not a Migrant","0","Medium","0","0",NA,NA,NA
"272","Emeralds","22727993","Campylopterus_curvipennis","Campylopterus_curvipennis","Wedge-tailed Sabrewing","Least Concern",0,"Decreasing",1,6,28.93,242889.900000008,"0","1400",1400,30.38959429,"Not a Migrant","0","High","1","0",1.79175946922805,3.36487911898804,12.4003635332283
"273","Mangoes","22729026","Anthracothorax_veraguensis","Anthracothorax_veraguensis","Veraguas Mango","Least Concern",0,"Unknown",NA,7,27.5,30443.5000000004,"700","1600",900,37.02090878,"Not a Migrant","0","Non-forest","0","0",1.94591014905531,3.31418600467253,10.323627785655
"274","Emeralds","22729031","Chlorostilbon_auriceps","Chlorostilbon_auriceps","Golden-crowned Emerald","Least Concern",0,"Unknown",NA,2.61,16.2,206471.5,"0","1800",1800,32.04208123,"Not a Migrant","0","Low","0","0",0.959350221334602,2.78501124223834,12.2379176673305
"275","Mountain Gems","22729036","Lampornis_calolaemus","Lampornis_calolaemus","Purple-throated Mountain-gem","Least Concern",0,"Decreasing",1,5.08,23.6,10988.5,"1200","2500",1300,36.39048374,"Altitudinal Migrant","1","Medium","0","0",1.62531126159039,3.16124671203156,9.30460455036627
"276","Coquettes","22729181","Heliangelus_micraster","Heliangelus_micraster","Little Sunangel","Least Concern",0,"Unknown",NA,3.85,16.48,17855.6,"2200","3400",1200,25.26956277,"Not a Migrant","0","High","1","0",1.34807314829969,2.80214752448133,9.79007246349643
"277","Hermits","22730147","Phaethornis_striigularis","Phaethornis_striigularis","Stripe-throated Hermit","Least Concern",0,"Unknown",NA,3,24.91,764906.099999971,"0","1600",1600,30.92378205,"Not a Migrant","0","Medium","0","1",1.09861228866811,3.21526932927409,13.5475083601768
"278","Emeralds","22730168","Amazilia_tzacatl","Amazilia_tzacatl","Rufous-tailed Hummingbird","Least Concern",0,"Unknown",NA,4.79,21.82,1019997.19999995,"0","2000",2000,30.62402476,"Not a Migrant","0","Medium","0","0",1.56653041142282,3.08282698040492,13.8353104401586
"279","Hermits","22733197","Phaethornis_atrimentalis","Phaethornis_atrimentalis","Black-throated Hermit","Least Concern",0,"Decreasing",1,2.6,26.63,829116.999999966,"0","1200",1200,12.79298695,"Not a Migrant","0","High","1","1",0.955511445027436,3.28203839982584,13.6281165580552
"280","Emeralds","22733641","Amazilia_grayi","Hylocharis_grayi","Gray's Hummingbird","Least Concern",0,"Decreasing",1,5.6,21.64,39555.3999999982,"600","2600",2000,28.46428537,"Not a Migrant","0","Medium","0","0",1.7227665977411,3.07454345397828,10.5854574999059
"281","Emeralds","22733646","Amazilia_humboldtii","Hylocharis_humboldtii","Humboldt's Hummingbird","Least Concern",0,"Decreasing",1,5.6,20.41,21280.1,"0","350",350,25.65423008,"Not a Migrant","0","High","1","0",1.7227665977411,3.01602497682175,9.96552764269266
"282","Brilliants","22733886","Aglaiocercus_kingii","Aglaiocercus_kingi","Long-tailed Sylph","Least Concern",0,"Decreasing",1,4.84,20.56,267748.099999996,"900","3000",2100,24.42118637,"Altitudinal Migrant","1","Low","0","0",1.57691472072854,3.02334744058696,12.497801892113
"283","Brilliants","22733891","Aglaiocercus_berlepschi","Aglaiocercus_berlepschi","Venezuelan Sylph","Endangered",1,"Decreasing",1,4.97,18.37,4153.70000000001,"1450","1800",350,30.23501998,"Not a Migrant","0","Medium","0","0",1.60341984010854,2.91071889922703,8.33175478228068
"284","Brilliants","22733896","Haplophaedia_aureliae","Haplophaedia_aureliae","Greenish Puffleg","Least Concern",0,"Stable",0,5.2,22.87,77848.0999999987,"1500","2500",1000,26.11701613,"Altitudinal Migrant","1","High","1","0",1.64865862558738,3.12982600803469,11.2625147710555
"285","Brilliants","22733901","Haplophaedia_assimilis","Haplophaedia_assimilis","Buff-thighed Puffleg","Least Concern",0,"Decreasing",1,4.8,19.73,59077.0000000025,"1500","3000",1500,19.01244443,"Not a Migrant","0","High","1","0",1.56861591791385,2.98214032003452,10.9865969567508
"286","Hermits","22733913","Phaethornis_squalidus","Phaethornis_squalidus","Dusky-throated Hermit","Least Concern",0,"Unknown",NA,3.4,27.44,272388.600000004,"0","2250",2250,33.93033257,"Not a Migrant","0","High","1","1",1.22377543162212,3.31200180285768,12.5149850021615
"287","Hermits","22733918","Phaethornis_rupurumii","Phaethornis_rupurumii","Streak-throated Hermit","Least Concern",0,"Unknown",NA,3.7,27.68,562332.000000014,"0","500",500,8.492678835,"Not a Migrant","0","Medium","0","1",1.30833281965018,3.32071013074947,13.2398477017843
"288","Hermits","22736557","Phaethornis_longuemareus","Phaethornis_longuemareus","Little Hermit","Least Concern",0,"Stable",0,3,29.08,281733.499999997,"0","700",700,11.81492724,"Not a Migrant","0","Medium","0","1",1.09861228866811,3.37005065266532,12.5487168676317
"289","Brilliants","45450140","Heliodoxa_schreibersii","Heliodoxa_schreibersii","Black-throated Brilliant","Least Concern",0,"Decreasing",1,9.17,26.83,740132.999999978,"0","1500",1500,9.869753875,"Not a Migrant","0","Medium","0","0",2.21593728626837,3.28952066443753,13.5145851787606
"290","Brilliants","45450143","Heliodoxa_whitelyana","Heliodoxa_whitelyana","Black-breasted Brilliant","Least Concern",0,"Decreasing",1,NA,NA,NA,"NA","NA",NA,13.53747358,"Not a Migrant","0","Medium","0","0",NA,NA,NA
"291","Coquettes","60859989","Heliangelus_clarisse","Heliangelus_clarisse","Longuemare's Sunangel","Least Concern",0,"Stable",0,NA,NA,NA,"NA","NA",NA,27.28506399,"Not a Migrant","0","High","1","0",NA,NA,NA
"292","Coquettes","60859997","Heliangelus_amethysticollis","Heliangelus_amethysticollis","Amethyst-throated Sunangel","Least Concern",0,"Stable",0,5.04,21.43,200713.300000003,"1600","3700",2100,22.27246404,"Not a Migrant","0","High","1","0",1.61740608208328,3.06479180948549,12.2096328006506
"293","Coquettes","60860042","Heliangelus_spencei","Heliangelus_spencei","Merida Sunangel","Least Concern",0,"Unknown",NA,NA,NA,NA,"NA","NA",NA,31.2982592,"Not a Migrant","0","High","1","0",NA,NA,NA
"294","Brilliants","60946163","Oreotrochilus_estella","Oreotrochilus_estella","Andean Hillstar","Least Concern",0,"Stable",0,8.1,25.03,657123.499999987,"2400","5000",2600,17.95725753,"Not a Migrant","0","Low","0","0",2.09186406167839,3.22007510544368,13.3956272554484
"295","Brilliants","60946473","Oreotrochilus_stolzmanni","Oreotrochilus_stolzmanni","Green-headed Hillstar","Least Concern",0,"Stable",0,NA,NA,NA,"NA","NA",NA,21.34238379,"Not a Migrant","0","Low","0","0",NA,NA,NA
"296","Brilliants","61162182","Eriocnemis_luciani","Eriocnemis_luciani","Sapphire-vented Puffleg","Least Concern",0,"Stable",0,6,25.48,37957.5999999989,"2800","4800",2000,27.22112453,"Not a Migrant","0","Medium","0","0",1.79175946922805,3.23789383070396,10.5442250262783
"297","Brilliants","61162365","Eriocnemis_sapphiropygia","Eriocnemis_sapphiropygia","Coppery-naped Puffleg","Least Concern",0,"Stable",0,NA,NA,NA,"NA","NA",NA,20.3658737,"Not a Migrant","0","Medium","0","0",NA,NA,NA
"298","Brilliants","61172969","Coeligena_bonapartei","Coeligena_bonapartei","Golden-bellied Starfrontlet","Least Concern",0,"Decreasing",1,6.49,33.95,34637.6000000016,"1400","3200",1800,31.89959794,"Not a Migrant","0","High","1","0",1.870262530716,3.52488885400471,10.4526950762115
"299","Brilliants","61173059","Coeligena_eos","Coeligena_eos","Golden Starfrontlet","Least Concern",0,"Decreasing",1,NA,NA,NA,"NA","NA",NA,31.06692035,"Not a Migrant","0","High","1","0",NA,NA,NA
"300","Brilliants","61173094","Coeligena_consita","Coeligena_consita","Perija Starfrontlet","Vulnerable",1,"Decreasing",1,NA,NA,NA,"NA","NA",NA,32.10181464,"Not a Migrant","0","High","1","0",NA,NA,NA
"301","Emeralds","61197713","Chlorostilbon_poortmani","Chlorostilbon_poortmani","Short-tailed Emerald","Least Concern",0,"Unknown",NA,3.5,19.31,109378.700000003,"100","2400",2300,29.41807346,"Not a Migrant","0","High","1","0",1.25276296849537,2.96062309644042,11.6025714516592
"302","Emeralds","61200240","Amazilia_viridifrons","Amazilia_viridifrons","Green-fronted Hummingbird","Least Concern",0,"Unknown",NA,6.3,25.15,76080.3999999996,"60","1400",1340,34.63748877,"Not a Migrant","0","Medium","0","0",1.84054963339749,3.22485789654575,11.239545954829
"303","Emeralds","61200304","Amazilia_wagneri","Amazilia_wagneri","Cinnamon-sided Hummingbird","Least Concern",0,"Unknown",NA,NA,NA,NA,"NA","NA",NA,33.35708908,"Not a Migrant","0","Medium","0","0",NA,NA,NA
"304","Emeralds","61201742","Amazilia_viridigaster","Amazilia_viridigaster","Green-bellied Hummingbird","Least Concern",0,"Decreasing",1,3.74,21.8,278825.499999995,"200","2100",1900,25.57101966,"Not a Migrant","0","Medium","0","0",1.31908561142644,3.08190996979504,12.5383414171006
"305","Emeralds","61201753","Amazilia_cupreicauda","Amazilia_cupreicauda","Copper-tailed Hummingbird","Least Concern",0,"Decreasing",1,NA,NA,NA,"NA","NA",NA,5.665291474,"Not a Migrant","0","Medium","0","0",NA,NA,NA
"306","Mountain Gems","22687668","Lampornis_amethystinus","Lampornis_amethystinus","Amethyst-throated Hummingbird","Least Concern",0,"Decreasing",1,5.2,24.35,189491.000000004,"900","3000",2100,34.89131054,"Not a Migrant","0","High","1","0",1.64865862558738,3.1925318495286,12.1520968089731
"307","Emeralds","22687380","Cyanophaia_bicolor","Cyanophaia_bicolor","Blue-headed Hummingbird","Least Concern",0,"Decreasing",1,4.5,19.08,1906,"NA","NA",NA,52.7967124,"Not a Migrant","0","High","1","0",1.50407739677627,2.94864066602014,7.55276208421415
"308","Coquettes","22687893","Heliangelus_exortis","Heliangelus_exortis","Tourmaline Sunangel","Least Concern",0,"Stable",0,4.59,17.45,64064.7999999992,"2000","3300",1300,27.57389943,"Not a Migrant","0","Medium","0","0",1.52388002407245,2.85933964864844,11.0676503501094
"309","Brilliants","22687990","Metallura_williami","Metallura_williami","Viridian Metaltail","Least Concern",0,"Decreasing",1,4.5,15.43,51631.0000000009,"2800","3800",1000,27.76039145,"Not a Migrant","0","Medium","0","0",1.50407739677627,2.73631366637507,10.8518775462703
"310","Brilliants","22687933","Eriocnemis_mosquera","Eriocnemis_mosquera","Golden-breasted Puffleg","Least Concern",0,"Stable",0,5.3,20.88,34835.800000001,"2500","3600",1100,27.883866,"Altitudinal Migrant","1","High","1","0",1.66770682055808,3.03879176301444,10.4584008726089
"311","Emeralds","22687313","Chlorostilbon_mellisugus","Chlorostilbon_mellisugus","Blue-tailed Emerald","Least Concern",0,"Stable",0,2.61,19.35,3951607.60000003,"0","2000",2000,NA,"Not a Migrant","0","Medium","0","0",0.959350221334602,2.96269241947579,15.1896330414222
"312","Brilliants","22687939","Eriocnemis_mirabilis","Eriocnemis_mirabilis","Colorful Puffleg","Endangered",1,"Decreasing",1,5.06,20.28,33.9999999999999,"2200","2440",240,29.07309416,"Not a Migrant","0","High","1","0",1.62136648329937,3.00963517872298,3.52636052461616
"313","Emeralds","22687461","Goldmania_violiceps","Goldmania_violiceps","Violet-capped Hummingbird","Near Threatened",0,"Decreasing",1,4.1,21.73,2852.7,"600","1200",600,26.51085102,"Not a Migrant","0","High","1","0",1.41098697371026,3.07869379426834,7.95602119321351
"314","Brilliants","22687791","Aglaeactis_castelnaudii","Aglaeactis_castelnaudii","White-tufted Sunbeam","Near Threatened",0,"Decreasing",1,6.7,22.73,23294.9000000001,"3500","4300",800,17.39820189,"Not a Migrant","0","High","1","0",1.90210752639692,3.12368563786445,10.055989731475
"315","Emeralds","22726706","Amazilia_lactea","Amazilia_lactea","Sapphire-spangled Emerald","Least Concern",0,"Decreasing",1,4.6,20.97,2605047.59999988,"0","1400",1400,27.11044123,"Not a Migrant","0","Medium","0","0",1.52605630349505,3.04309284491383,14.7729615055554
"316","Emeralds","119194033","Amazilia_cyanifrons","Amazilia_cyanifrons","Indigo-capped Hummingbird","Least Concern",0,"Stable",0,5,20.3,54904.8999999997,"400","2200",1800,30.30772108,"Altitudinal Migrant","1","Medium","0","0",1.6094379124341,3.01062088604774,10.9133578767024
"317","Emeralds","119194112","Amazilia_alfaroana","Amazilia_alfaroana","Guanacaste Hummingbird","Critically Endangered",1,"Stable",0,NA,NA,NA,"NA","NA",NA,NA,"Unknown",NA,"Medium","0","0",NA,NA,NA
"318","Emeralds","22687402","Thalurania_watertonii","Thalurania_watertonii","Long-tailed Woodnymph","Endangered",1,"Decreasing",1,4.6,23.09,34673.8000000005,"NA","NA",NA,33.51085196,"Not a Migrant","0","Medium","0","0",1.52605630349505,3.1393996233664,10.4537396375186
"319","Coquettes","22687863","Sephanoides_fernandensis","Sephanoides_fernandensis","Juan Fernandez Firecrown","Critically Endangered",1,"Decreasing",1,8.73,21.8,11,"NA","NA",NA,6,"Not a Migrant","0","Medium","0","0",2.16676536985151,3.08190996979504,2.39789527279837
"320","Bees","22688244","Eulidia_yarrellii","Eulidia_yarrellii","Chilean Woodstar","Critically Endangered",1,"Decreasing",1,3.96,14,2154.59999999999,"0","2600",2600,14.1962507,"Not a Migrant","0","Non-forest","0","0",1.37624402526639,2.63905732961526,7.67536037046009
"321","Brilliants","22726798","Oxypogon_cyanolaemus","Oxypogon_cyanolaemus","Blue-bearded Helmetcrest","Critically Endangered",1,"Decreasing",1,NA,NA,NA,"NA","NA",NA,32.3390465,"Not a Migrant","0","Non-forest","0","0",NA,NA,NA
"322","Brilliants","22735457","Eriocnemis_isabellae","Eriocnemis_isabellae","Gorgeted Puffleg","Critically Endangered",1,"Decreasing",1,3.95,19.38,44.1999999999999,"2600","2900",300,27.3510036,"Not a Migrant","0","High","1","0",1.37371557891303,2.96424160646262,3.78872478908365
"323","Brilliants","22687828","Coeligena_orina","Coeligena_orina","Glittering Starfrontlet","Critically Endangered",1,"Decreasing",1,6.49,37.2,4.9,"NA","NA",NA,21.96158535,"Not a Migrant","0","High","1","0",1.870262530716,3.6163087612791,1.58923520511658
"324","Emeralds","22687417","Lepidopyga_lilliae","Lepidopyga_lilliae","Sapphire-bellied Hummingbird","Critically Endangered",1,"Decreasing",1,4.3,21.2,2890.4,"NA","NA",NA,31.92454472,"Not a Migrant","0","High","1","0",1.45861502269952,3.05400118167797,7.96915017983343
"325","Hermits","22686928","Threnetes_leucurus","Threnetes_leucurus","Pale-tailed Barbthroat","Least Concern",0,"Stable",0,5.6,34.98,5241737.70000019,"0","850",850,9.833700005,"Not a Migrant","0","Medium","0","1",1.7227665977411,3.55477646959046,15.4721636234602
"326","Hermits","22686940","Phaethornis_superciliosus","Phaethornis_superciliosus","Long-tailed Hermit","Least Concern",0,"Decreasing",1,6.3,40.05,2562461.39999997,"0","1400",1400,8.659026344,"Not a Migrant","0","High","1","1",1.84054963339749,3.69012867351437,14.7564788389007
"327","Hermits","22686946","Phaethornis_malaris","Phaethornis_malaris","Great-billed Hermit","Least Concern",0,"Decreasing",1,5.9,44.03,3790398.90000008,"0","1650",1650,10.90541609,"Not a Migrant","0","High","1","1",1.77495235091167,3.78487121976766,15.1479818221798
"328","Hermits","22686949","Phaethornis_eurynome","Phaethornis_eurynome","Scale-throated Hermit","Least Concern",0,"Decreasing",1,5.3,39.33,934276.000000004,"100","2250",2150,31.35909016,"Not a Migrant","0","High","1","1",1.66770682055808,3.67198758644372,13.7475271767705
"329","Hermits","22686952","Phaethornis_hispidus","Phaethornis_hispidus","White-bearded Hermit","Least Concern",0,"Decreasing",1,5,34.43,4008380.00000016,"0","1200",1200,10.06776734,"Not a Migrant","0","High","1","1",1.6094379124341,3.53892827735043,15.2038977276319
"330","Hermits","22686973","Phaethornis_augusti","Phaethornis_augusti","Sooty-capped Hermit","Least Concern",0,"Stable",0,6,35.35,557853.299999983,"400","3500",3100,18.40298014,"Not a Migrant","0","Medium","0","1",1.79175946922805,3.56529839234258,13.2318513035725
"331","Hermits","22686979","Phaethornis_subochraceus","Phaethornis_subochraceus","Buff-bellied Hermit","Least Concern",0,"Decreasing",1,3.8,30.5,338428.199999997,"150","800",650,13.65790198,"Not a Migrant","0","High","1","1",1.33500106673234,3.41772668361337,12.7320672365755
"332","Hermits","22686982","Phaethornis_nattereri","Phaethornis_nattereri","Cinnamon-throated Hermit","Least Concern",0,"Decreasing",1,3.1,26.1,788913.5,"0","500",500,18.35285131,"Not a Migrant","0","Medium","0","1",1.1314021114911,3.26193531432865,13.5784119613718
"333","Hermits","22687010","Phaethornis_idaliae","Phaethornis_idaliae","Minute Hermit","Least Concern",0,"Decreasing",1,2.6,23.13,154971.400000007,"0","500",500,33.01542021,"Not a Migrant","0","High","1","1",0.955511445027436,3.14113047624335,11.9509958627472
"334","Mangoes","22687106","Colibri_delphinae","Colibri_delphinae","Brown Violet-ear","Least Concern",0,"Stable",0,6.4,18.95,1200040.59999997,"100","2800",2700,19.3432827,"Altitudinal Migrant","1","Medium","0","0",1.85629799036563,2.94180393152844,13.9978659475192
"335","Mangoes","22687146","Avocettula_recurvirostris","Avocettula_recurvirostris","Fiery-tailed Awlbill","Least Concern",0,"Decreasing",1,4.2,18.42,2530965.19999997,"0","1200",1200,10.03927738,"Not a Migrant","0","High","1","0",1.43508452528932,2.91343703082716,14.7441112899266
"336","Coquettes","22687181","Lophornis_ornatus","Lophornis_ornatus","Tufted Coquette","Least Concern",0,"Stable",0,2.3,11.95,827833.799999975,"0","1000",1000,9.47317966,"Not a Migrant","0","Medium","0","0",0.832909122935104,2.48073127837752,13.6265676885818
"337","Coquettes","22687259","Discosura_langsdorffi","Discosura_langsdorffi","Black-bellied Thorntail","Least Concern",0,"Decreasing",1,2.8,17.78,1980008.89999998,"0","400",400,10.20607594,"Not a Migrant","0","High","1","0",1.02961941718116,2.87807423008576,14.4986118976101
"338","Coquettes","22687275","Discosura_conversii","Discosura_conversii","Green Thorntail","Least Concern",0,"Decreasing",1,3,14.38,132866.000000004,"0","1300",1300,28.65029768,"Not a Migrant","0","High","1","0",1.09861228866811,2.6658383522929,11.7970963805187
"339","Emeralds","22687458","Chrysuronia_oenone","Chrysuronia_oenone","Golden-tailed Sapphire","Least Concern",0,"Stable",0,5.04,24.72,1336392.59999998,"0","1700",1700,16.45105485,"Not a Migrant","0","Medium","0","0",1.61740608208328,3.20761263258949,14.1054844521851
"340","Emeralds","22687491","Leucippus_fallax","Leucippus_fallax","Buffy Hummingbird","Least Concern",0,"Decreasing",1,6,22.13,93949.6999999956,"0","600",600,32.26170142,"Not a Migrant","0","Medium","0","0",1.79175946922805,3.09693415406296,11.4505148116486
"341","Mountain Gems","22687676","Lampornis_sybillae","Lampornis_sybillae","Green-breasted Mountain-gem","Least Concern",0,"Decreasing",1,6.02,23.5,45192.0000000001,"1400","2200",800,31.64551329,"Not a Migrant","0","High","1","0",1.79508725932073,3.15700042115011,10.7186753590051
"342","Brilliants","22687743","Heliodoxa_leadbeateri","Heliodoxa_leadbeateri","Violet-fronted Brilliant","Least Concern",0,"Decreasing",1,7.4,28.92,409926.39999999,"500","2400",1900,23.46001512,"Not a Migrant","0","Medium","0","0",2.00148000021012,3.36453339729056,12.9237329103711
"343","Brilliants","22687874","Boissonneaua_jardini","Boissonneaua_jardini","Velvet-purple Coronet","Least Concern",0,"Decreasing",1,9.1,23.85,30985.4999999995,"350","2200",1850,29.49103278,"Not a Migrant","0","High","1","0",2.2082744135228,3.17178421733435,10.3412746321064
"344","Brilliants","22687962","Urosticte_benjamini","Urosticte_benjamini","Purple-bibbed Whitetip","Least Concern",0,"Decreasing",1,3.9,20.35,17379.0999999999,"700","1600",900,27.65038457,"Altitudinal Migrant","1","High","1","0",1.3609765531356,3.0130809118886,9.76302361381918
"345","Mangoes","22688108","Heliothryx_barroti","Heliothryx_barroti","Purple-crowned Fairy","Least Concern",0,"Decreasing",1,5.5,21.9,491041.299999989,"0","1100",1100,30.79469752,"Not a Migrant","0","High","1","0",1.70474809223843,3.08648663682246,13.1042835172922
"346","Mountain Gems","22688138","Heliomaster_longirostris","Heliomaster_longirostris","Long-billed Starthroat","Least Concern",0,"Stable",0,6.6,35.05,8290193.60000027,"0","1500",1500,13.59543776,"Not a Migrant","0","Medium","0","0",1.88706964903238,3.5567756134806,15.9305838802767
"347","Mountain Gems","22688144","Heliomaster_furcifer","Heliomaster_furcifer","Blue-tufted Starthroat","Least Concern",0,"Decreasing",1,5.4,31.7,2968261.70000009,"0","1000",1000,21.92220805,"Full Migrant","1","Medium","0","0",1.68639895357023,3.45631668088323,14.9034870532368
"348","Coquettes","22687196","Lophornis_brachylophus","Lophornis_brachylophus","Short-crested Coquette","Critically Endangered",1,"Decreasing",1,2.68,12.9,53.3000000000001,"900","1800",900,31.0747547,"Not a Migrant","0","High","1","0",0.985816794522765,2.55722731136763,3.9759363311718
"349","Emeralds","22687635","Eupherusa_cyanophrys","Eupherusa_cyanophrys","Oaxaca Hummingbird","Endangered",1,"Decreasing",1,4.8,21.65,4063.79999999999,"700","2600",1900,33.8303261,"Not a Migrant","0","High","1","0",1.56861591791385,3.0750054544485,8.30987377544891
"350","Bees","22688299","Selasphorus_sasin","Selasphorus_sasin","Allen's Hummingbird","Least Concern",0,"Increasing",0,3.36,20.28,31425.6999999997,"0","1300",1300,23.58967665,"Full Migrant","1","Medium","0","0",1.21194097397511,3.00963517872298,10.3553813084689
"351","Hermits","22736463","Phaethornis_aethopygus","Phaethornis_aethopygus","Tapajos Hermit","Vulnerable",1,"Decreasing",1,NA,NA,NA,"NA","NA",NA,7.245343077,"Not a Migrant","0","High","1","1",NA,NA,NA
"352","Emeralds","22687383","Thalurania_ridgwayi","Thalurania_ridgwayi","Mexican Woodnymph","Vulnerable",1,"Decreasing",1,3.8,20.78,14528.9,"250","1200",950,36.73280256,"Not a Migrant","0","High","1","0",1.33500106673234,3.03399098567108,9.5838950482615
"353","Brilliants","22687825","Coeligena_phalerata","Coeligena_phalerata","White-tailed Starfrontlet","Near Threatened",0,"Decreasing",1,6.1,33.41,4729.40000000001,"NA","NA",NA,35.63719497,"Not a Migrant","0","High","1","0",1.80828877117927,3.50885525636867,8.46155362354556
"354","Mangoes","22688090","Augastes_scutatus","Augastes_scutatus","Hyacinth Visorbearer","Least Concern",0,"Decreasing",1,3,18.15,28653.3000000006,"900","2000",1100,29.35199123,"Not a Migrant","0","Medium","0","0",1.09861228866811,2.89867056071086,10.2630238987559
"355","Bees","22688296","Selasphorus_rufus","Selasphorus_rufus","Rufous Hummingbird","Near Threatened",0,"Decreasing",1,3.5,20.68,1526767.80000004,"0","2260",2260,18.94815302,"Full Migrant","1","Medium","0","0",1.25276296849537,3.02916704964023,14.2386635097697
"356","Mangoes","22687125","Anthracothorax_prevostii","Anthracothorax_prevostii","Green-breasted Mango","Least Concern",0,"Unknown",NA,6.4,28.9,774052.499999988,"0","1200",1200,32.25397261,"Not a Migrant","0","Low","0","0",1.85629799036563,3.36384159511839,13.5593949797289
"357","Bees","133484158","Nesophlox_evelynae","Calliphlox_evelynae","Bahama Hummingbird","Least Concern",0,"Stable",0,2.4,17.68,13854.7,"NA","NA",NA,NA,"Not a Migrant","0","Low","0","0",0.8754687373539,2.8724340572095,9.53637980422974
"358","Bees","133484007","Nesophlox_lyrura","Nesophlox_lyrura","Lyre-tailed Hummingbird","Least Concern",0,"Stable",0,NA,NA,NA,"NA","NA",NA,NA,"Not a Migrant","0","Low","0","0",NA,NA,NA
"359","Hermits","154797056","Phaethornis_bourcieri","Phaethornis_bourcieri","Straight-billed Hermit","Least Concern",0,"Stable",0,4.3,34.19,2738930.99999998,"0","1600",1600,7.507044903,"Not a Migrant","0","High","1","1",1.45861502269952,3.53193320365121,14.8230782562521
"360","Emeralds","154807906","Anthocephala_floriceps","Anthocephala_floriceps","Santa Marta Blossomcrown","Vulnerable",1,"Decreasing",1,4.24,17.71,10051.3000000001,"600","2400",1800,29.67415963,"Altitudinal Migrant","1","High","1","0",1.44456326924387,2.87412945179474,9.21545725835565
"361","Emeralds","22687062","Campylopterus_largipennis","Campylopterus_largipennis","Grey-breasted Sabrewing","Least Concern",0,"Stable",0,8.3,30.38,6511692.59999993,"0","1300",1300,10.23064518,"Not a Migrant","0","Medium","0","0",2.11625551480255,3.41378449716763,15.6891099803906
"362","Bees","22688232","Selasphorus_calliope","Stellula_calliope","Calliope Hummingbird","Least Concern",0,"Stable",0,2.64,17.88,1203358.89999995,"180","3400",3220,18.4050657,"Full Migrant","1","Low","0","0",0.970778917158225,2.88368276974537,14.0006272879526
"363","Hermits","154797026","Phaethornis_major","Phaethornis_major","Ash-bellied Hermit","Least Concern",0,"Stable",0,NA,NA,NA,"NA","NA",NA,NA,"Not a Migrant","0","NA",NA,"1",NA,NA,NA
"364","Emeralds","154809350","Anthocephala_berlepschi","Anthocephala_berlepschi","Tolima Blossomcrown","Vulnerable",1,"Decreasing",1,NA,NA,NA,"NA","NA",NA,NA,"Altitudinal Migrant","1","NA",NA,"0",NA,NA,NA
"365","Mangoes","22688069","Augastes_lumachella","Augastes_lumachella","Hooded Visorbearer","Near Threatened",0,"Decreasing",1,4,21.28,17544.6,"900","2000",1100,27.26374215,"Not a Migrant","0","Non-forest","0","0",1.38629436111989,3.05776766447344,9.77250148923933
"366","Emeralds","22687614","Amazilia_castaneiventris","Amazilia_castaneiventris","Chestnut-bellied Hummingbird","Near Threatened",0,"Decreasing",1,5,21.89,3164.90000000001,"300","2200",1900,33.42786864,"Altitudinal Migrant","1","Medium","0","0",1.6094379124341,3.08602991153477,8.05987673850251
