,Taxon_ID,Species_name_IUCN,Species_name,Common_name,Redlist_category,Threatened,Population_trend,Decreasing,Body_mass,Bill_length,Range_size,Elevation_min,Elevation_max,Elevation_range,Human_footprint,Migratory_status,Migratory_score,Forest_depend_status,Forest_depend_score,Hermit,Body_mass_log,Bill_length_log,Range_size_log
1,22686903,Glaucis_aeneus,Glaucis_aeneus,Bronzy Hermit,Least Concern,0,Unknown,NA,4.8,31.35,170965.1,0,1500,1500,29.58524011,Not a Migrant,0,Medium,0,1,1.568615918,3.445214267,12.04921472
2,22686911,Glaucis_hirsutus,Glaucis_hirsutus,Rufous-breasted Hermit,Least Concern,0,Decreasing,1,6.76,32.05,7820116.3,0,1800,1800,13.38743313,Not a Migrant,0,Low,0,1,1.91102289,3.467297183,15.87220998
3,22686919,Threnetes_niger,Threnetes_niger,Sooty Barbthroat,Least Concern,0,Unknown,NA,5.6,32.98,270305.8,NA,NA,NA,7.570723812,Not a Migrant,0,Medium,0,1,1.722766598,3.495901317,12.50730919
4,22686925,Threnetes_ruckeri,Threnetes_ruckeri,Band-tailed Barbthroat,Least Concern,0,Unknown,NA,5.2,33.2,482647.8,0,1200,1200,30.92537348,Not a Migrant,0,Medium,0,1,1.648658626,3.502549876,13.08704247
5,22686931,Phaethornis_yaruqui,Phaethornis_yaruqui,White-whiskered Hermit,Least Concern,0,Unknown,NA,5.4,45.35,119931.2,0,2000,2000,27.29952005,Altitudinal Migrant,1,High,1,1,1.686398954,3.814410177,11.69467352
6,22686934,Phaethornis_guy,Phaethornis_guy,Green Hermit,Least Concern,0,Unknown,NA,6.3,41.62,555184.1,0,2200,2200,23.21335473,Not a Migrant,0,Medium,0,1,1.840549633,3.728580821,13.22705505
7,22686937,Phaethornis_syrmatophorus,Phaethornis_syrmatophorus,Tawny-bellied Hermit,Least Concern,0,Unknown,NA,5.8,43.21,159647,1000,2300,1300,23.8423389,Not a Migrant,0,High,1,1,1.757857918,3.76607195,11.98072041
8,22686955,Phaethornis_anthophilus,Phaethornis_anthophilus,Pale-bellied Hermit,Least Concern,0,Unknown,NA,5.9,36.53,413683.5,0,1500,1500,29.49908423,Not a Migrant,0,Medium,0,1,1.774952351,3.598133841,12.93285647
9,22686961,Phaethornis_koepckeae,Phaethornis_koepckeae,Koepcke's Hermit,Near Threatened,0,Decreasing,1,5.03,37.08,112547.5,270,1130,860,14.8659664,Not a Migrant,0,High,1,1,1.615419984,3.613077741,11.63113063
10,22686965,Phaethornis_philippii,Phaethornis_philippii,Needle-billed Hermit,Least Concern,0,Unknown,NA,5,35.98,1596477.1,0,325,325,7.302827385,Not a Migrant,0,High,1,1,1.609437912,3.582963229,14.28330995
11,22686976,Phaethornis_pretrei,Phaethornis_pretrei,Planalto Hermit,Least Concern,0,Unknown,NA,5.6,35.4,3736295.8,400,2100,1700,23.43103788,Not a Migrant,0,Medium,0,1,1.722766598,3.56671182,15.13360525
12,22686985,Anopetia_gounellei,Anopetia_gounellei,Broad-tipped Hermit,Least Concern,0,Unknown,NA,3,25.38,534919.7,500,700,200,24.70917677,Not a Migrant,0,Low,0,1,1.098612289,3.233961462,13.18987192
13,22686991,Phaethornis_ruber,Phaethornis_ruber,Reddish Hermit,Least Concern,0,Decreasing,1,2.4,24.09,9728594.2,0,1500,1500,14.08779133,Not a Migrant,0,Medium,0,1,0.875468737,3.181796817,16.09057996
14,22686994,Phaethornis_stuarti,Phaethornis_stuarti,White-browed Hermit,Least Concern,0,Decreasing,1,2.9,26.31,147916.9,0,1000,1000,17.55794918,Not a Migrant,0,Medium,0,1,1.064710737,3.269949095,11.90440591
15,22687013,Eutoxeres_aquila,Eutoxeres_aquila,White-tipped Sicklebill,Least Concern,0,Unknown,NA,10.6,27.51,306610.3,0,2400,2400,24.67486214,Not a Migrant,0,High,1,1,2.360854001,3.314549575,12.63333284
16,22687016,Eutoxeres_condamini,Eutoxeres_condamini,Buff-tailed Sicklebill,Least Concern,0,Decreasing,1,10.79,23.91,368098.8,0,3300,3300,17.03876782,Not a Migrant,0,Medium,0,1,2.378619779,3.174296781,12.81610666
17,22687019,Androdon_aequatorialis,Androdon_aequatorialis,Tooth-billed Hummingbird,Least Concern,0,Decreasing,1,7.3,40.03,113195.7,0,1100,1100,26.84889436,Not a Migrant,0,High,1,0,1.987874348,3.689629173,11.63687346
18,22687022,Ramphodon_naevius,Ramphodon_naevius,Saw-billed Hermit,Near Threatened,0,Decreasing,1,7.9,39.4,220328.7,0,500,500,33.76477308,Not a Migrant,0,High,1,1,2.066862759,3.673765816,12.3028758
19,22687026,Glaucis_dohrnii,Glaucis_dohrnii,Hook-billed Hermit,Endangered,1,Decreasing,1,5.8,28.39,978.2,0,500,500,29.98759672,Not a Migrant,0,High,1,1,1.757857918,3.34603697,6.885714148
20,22687032,Doryfera_johannae,Doryfera_johannae,Blue-fronted Lancebill,Least Concern,0,Decreasing,1,4.81,30.73,459626.7,280,1800,1520,12.78567618,Not a Migrant,0,High,1,0,1.570697084,3.425239376,13.03816992
21,22687035,Doryfera_ludovicae,Doryfera_ludovicae,Green-fronted Lancebill,Least Concern,0,Unknown,NA,6,38.11,387149.3,500,3200,2700,23.94985124,Altitudinal Migrant,1,High,1,0,1.791759469,3.640476715,12.86656569
22,22687041,Campylopterus_cuvierii,Phaeochroa_cuvierii,Scaly-breasted Sabrewing,Least Concern,0,Unknown,NA,8.9,24.63,238473.6,0,1200,1200,31.95170631,Not a Migrant,0,Medium,0,0,2.186051277,3.203965212,12.38201389
23,22687066,Campylopterus_rufus,Campylopterus_rufus,Rufous Sabrewing,Least Concern,0,Unknown,NA,7.1,28.5,31220,900,2000,1100,39.90511418,Not a Migrant,0,High,1,0,1.960094784,3.349904087,10.34881419
24,22687069,Campylopterus_hyperythrus,Campylopterus_hyperythrus,Rufous-breasted Sabrewing,Least Concern,0,Stable,0,6.4,22.93,40875.4,1000,2050,1050,8.045215517,Not a Migrant,0,Medium,0,0,1.85629799,3.132446097,10.61828369
25,22687072,Campylopterus_duidae,Campylopterus_duidae,Buff-breasted Sabrewing,Least Concern,0,Unknown,NA,6.05,28.03,102776.9,1220,1700,480,3.516978775,Not a Migrant,0,Medium,0,0,1.800058272,3.333275365,11.5403159
26,22687075,Campylopterus_hemileucurus,Campylopterus_hemileucurus,Violet Sabrewing,Least Concern,0,Unknown,NA,9.72,32.78,314208.3,100,2400,2300,33.98340845,Altitudinal Migrant,1,Medium,0,0,2.274185618,3.489818573,12.65781142
27,22687078,Campylopterus_ensipennis,Campylopterus_ensipennis,White-tailed Sabrewing,Near Threatened,0,Decreasing,1,9.6,29.8,2404.3,400,2000,1600,31.07738922,Not a Migrant,0,Medium,0,0,2.261763098,3.394508394,7.78501408
28,22687083,Campylopterus_falcatus,Campylopterus_falcatus,Lazuline Sabrewing,Least Concern,0,Unknown,NA,7.2,27.03,88174.1,450,3000,2550,29.89150248,Not a Migrant,0,Medium,0,0,1.974081026,3.29694736,11.38706855
29,22687086,Campylopterus_phainopeplus,Campylopterus_phainopeplus,Santa Marta Sabrewing,Endangered,1,Decreasing,1,7.65,28.5,1551,NA,NA,NA,35.63719497,Altitudinal Migrant,1,Low,0,0,2.034705648,3.349904087,7.346655163
30,22687090,Campylopterus_villaviscensio,Campylopterus_villaviscensio,Napo Sabrewing,Near Threatened,0,Decreasing,1,7.38,31.18,36504.6,780,1800,1020,21.11616316,Not a Migrant,0,High,1,0,1.998773639,3.439776864,10.50519356
31,22687094,Eupetomena_macroura,Eupetomena_macroura,Swallow-tailed Hummingbird,Least Concern,0,Unknown,NA,9,24.61,4594109,0,1500,1500,21.80863938,Not a Migrant,0,Low,0,0,2.197224577,3.203152864,15.34028539
32,22687097,Florisuga_mellivora,Florisuga_mellivora,White-necked Jacobin,Least Concern,0,Unknown,NA,7.4,23.87,8105471,0,1600,1600,13.16175855,Not a Migrant,0,Medium,0,0,2.00148,3.17262244,15.90804982
33,22687100,Florisuga_fusca,Florisuga_fusca,Black Jacobin,Least Concern,0,Unknown,NA,8.1,24.88,669756.6,0,1400,1400,30.07041121,Full Migrant,1,Medium,0,0,2.091864062,3.214064268,13.41466964
34,22687110,Colibri_thalassinus,Colibri_thalassinus,Green Violet-ear,Least Concern,0,Unknown,NA,5.9,24.17,788371.1,900,3300,2400,28.25658042,Altitudinal Migrant,1,Low,0,0,1.774952351,3.185112195,13.5777242
35,22687114,Colibri_coruscans,Colibri_coruscans,Sparkling Violet-ear,Least Concern,0,Unknown,NA,6.7,30.57,920387.7,400,4500,4100,20.41136346,Altitudinal Migrant,1,Low,0,0,1.902107526,3.420019136,13.73255027
36,22687118,Colibri_serrirostris,Colibri_serrirostris,White-vented Violet-ear,Least Concern,0,Unknown,NA,6.7,22.62,2370662.6,0,3600,3600,24.86826015,Not a Migrant,0,Low,0,0,1.902107526,3.118834471,14.67868005
37,22687122,Anthracothorax_viridigula,Anthracothorax_viridigula,Green-throated Mango,Least Concern,0,Decreasing,1,7.5,32.18,591469.7,0,500,500,13.28163805,Not a Migrant,0,Low,0,0,2.014903021,3.471345142,13.29036574
38,22687130,Anthracothorax_nigricollis,Anthracothorax_nigricollis,Black-throated Mango,Least Concern,0,Unknown,NA,7,25.75,9808704.7,0,1900,1900,16.31910696,Full Migrant,1,Low,0,0,1.945910149,3.248434627,16.09878078
39,22687133,Anthracothorax_mango,Anthracothorax_mango,Jamaican Mango,Least Concern,0,Unknown,NA,8.3,28.65,11021.8,0,1500,1500,45.20538876,Altitudinal Migrant,1,Medium,0,0,2.116255515,3.355153443,9.307630409
40,22687143,Anthracothorax_viridis,Anthracothorax_viridis,Green Mango,Least Concern,0,Unknown,NA,6.6,26.23,8774.4,NA,NA,NA,62.73421949,Altitudinal Migrant,1,Medium,0,0,1.887069649,3.266903794,9.07959367
41,22687151,Eulampis_jugularis,Eulampis_jugularis,Purple-throated Carib,Least Concern,0,Unknown,NA,8.85,27.9,5226,NA,NA,NA,51.98520921,Not a Migrant,0,High,1,0,2.180417459,3.328626689,8.561401446
42,22687154,Eulampis_holosericeus,Eulampis_holosericeus,Green-throated Carib,Least Concern,0,Unknown,NA,5.7,25.45,8331.8,NA,NA,NA,59.4613095,Not a Migrant,0,Low,0,0,1.740466175,3.236715743,9.027834798
43,22687160,Chrysolampis_mosquitus,Chrysolampis_mosquitus,Ruby-topaz Hummingbird,Least Concern,0,Unknown,NA,3.9,20.29,7397762.2,0,1350,1350,18.07790404,Full Migrant,1,Non-forest,0,0,1.360976553,3.010128154,15.81668811
44,22687164,Orthorhyncus_cristatus,Orthorhyncus_cristatus,Antillean Crested Hummingbird,Least Concern,0,Unknown,NA,3.02,15.58,7736.3,NA,NA,NA,59.4613095,Not a Migrant,0,Low,0,0,1.105256831,2.74598804,8.953678816
45,22687167,Klais_guimeti,Klais_guimeti,Violet-headed Hummingbird,Least Concern,0,Decreasing,1,2.6,15.24,471398.3,0,1900,1900,22.93087341,Not a Migrant,0,Medium,0,0,0.955511445,2.72392355,13.06345866
46,22687170,Abeillia_abeillei,Abeillia_abeillei,Emerald-chinned Hummingbird,Least Concern,0,Decreasing,1,2.7,13.05,144605.7,1000,2200,1200,34.14525295,Not a Migrant,0,High,1,0,0.993251773,2.568788134,11.88176601
47,22687187,Lophornis_gouldii,Lophornis_gouldii,Dot-eared Coquette,Vulnerable,1,Unknown,NA,2.4,13.11,1191086.2,0,800,800,12.23831227,Not a Migrant,0,Medium,0,0,0.875468737,2.573375298,13.99037622
48,22687190,Lophornis_magnificus,Lophornis_magnificus,Frilled Coquette,Least Concern,0,Unknown,NA,2.7,14.63,2557179.8,0,1000,1000,26.75757896,Not a Migrant,0,Medium,0,0,0.993251773,2.683074215,14.75441557
49,22687208,Lophornis_delattrei,Lophornis_delattrei,Rufous-crested Coquette,Least Concern,0,Unknown,NA,2.8,13.29,223048.7,500,2200,1700,21.05071906,Not a Migrant,0,Medium,0,0,1.029619417,2.587011873,12.31514541
50,22687211,Lophornis_stictolophus,Lophornis_stictolophus,Spangled Coquette,Least Concern,0,Unknown,NA,2.68,12.5,134544.9,0,1300,1300,26.70870568,Not a Migrant,0,Medium,0,0,0.985816795,2.525728644,11.80965325
51,22687235,Lophornis_pavoninus,Lophornis_pavoninus,Peacock Coquette,Least Concern,0,Unknown,NA,3,13.7,205725.1,500,2000,1500,6.661820707,Not a Migrant,0,High,1,0,1.098612289,2.617395833,12.23429609
52,22687241,Lophornis_helenae,Lophornis_helenae,Black-crested Coquette,Least Concern,0,Unknown,NA,2.6,14.43,254044,100,1200,1100,32.96736119,Not a Migrant,0,Medium,0,0,0.955511445,2.669309373,12.44526276
53,22687247,Lophornis_adorabilis,Lophornis_adorabilis,White-crested Coquette,Least Concern,0,Unknown,NA,2.7,13.2,16797.9,300,1200,900,38.39133008,Not a Migrant,0,Medium,0,0,0.993251773,2.58021683,9.729009158
54,22687253,Discosura_popelairii,Discosura_popelairii,Wire-crested Thorntail,Near Threatened,0,Unknown,NA,2.5,15.43,164968.2,500,1800,1300,19.27460014,Not a Migrant,0,High,1,0,0.916290732,2.736313666,12.01350801
55,22687285,Discosura_longicaudus,Discosura_longicaudus,Racket-tailed Coquette,Least Concern,0,Decreasing,1,3.4,15.66,2150166.1,0,910,910,11.56674965,Not a Migrant,0,Medium,0,0,1.223775432,2.751109691,14.58105565
56,22687296,Chlorostilbon_notatus,Chlorestes_notata,Blue-chinned Emerald,Least Concern,0,Unknown,NA,4.2,19.38,4700532,0,500,500,11.69165583,Not a Migrant,0,Low,0,0,1.435084525,2.964241606,15.36318625
57,22687304,Chlorostilbon_canivetii,Chlorostilbon_canivetii,Canivet's Emerald,Least Concern,0,Unknown,NA,2.61,15.4,577328.5,0,1900,1900,32.25280921,Not a Migrant,0,Low,0,0,0.959350221,2.734367509,13.26616671
58,22687310,Chlorostilbon_assimilis,Chlorostilbon_assimilis,Garden Emerald,Least Concern,0,Unknown,NA,2.61,16.43,49348.1,0,800,800,32.70809375,Not a Migrant,0,Medium,0,0,0.959350221,2.799108932,10.80665454
59,22687321,Chlorostilbon_lucidus,Chlorostilbon_lucidus,Glittering-bellied Emerald,Least Concern,0,Unknown,NA,3.5,16.89,5788270.6,0,3500,3500,23.32817807,Full Migrant,1,Medium,0,0,1.252762968,2.826721731,15.57134412
60,22687330,Chlorostilbon_ricordii,Chlorostilbon_ricordii,Cuban Emerald,Least Concern,0,Unknown,NA,3.2,19.63,119014.5,0,1300,1300,41.04381714,Not a Migrant,0,Medium,0,0,1.16315081,2.977059008,11.68700061
61,22687336,Chlorostilbon_swainsonii,Chlorostilbon_swainsonii,Hispaniolan Emerald,Least Concern,0,Unknown,NA,4.3,20.15,74117.2,500,2500,2000,38.00733257,Not a Migrant,0,High,1,0,1.458615023,3.003204288,11.2134029
62,22687339,Chlorostilbon_maugaeus,Chlorostilbon_maugaeus,Puerto Rican Emerald,Least Concern,0,Unknown,NA,3.1,17.38,8774.4,NA,NA,NA,62.73421949,Not a Migrant,0,Medium,0,0,1.131402111,2.85532012,9.07959367
63,22687342,Chlorostilbon_gibsoni,Chlorostilbon_gibsoni,Red-billed Emerald,Least Concern,0,Unknown,NA,2.61,17.6,309538.3,0,1800,1800,31.27490734,Not a Migrant,0,Medium,0,0,0.959350221,2.867898902,12.64283711
64,22687345,Chlorostilbon_russatus,Chlorostilbon_russatus,Coppery Emerald,Least Concern,0,Unknown,NA,3.4,17.78,27766,250,2500,2250,34.7372145,Not a Migrant,0,Medium,0,0,1.223775432,2.87807423,10.23156753
65,22687348,Chlorostilbon_stenurus,Chlorostilbon_stenurus,Narrow-tailed Emerald,Least Concern,0,Unknown,NA,3.4,19.18,81621.2,1000,3000,2000,31.66459948,Not a Migrant,0,Medium,0,0,1.223775432,2.953868069,11.30984431
66,22687368,Cynanthus_sordidus,Cynanthus_sordidus,Dusky Hummingbird,Least Concern,0,Unknown,NA,4,23.6,96198.3,900,2200,1300,34.03631396,Not a Migrant,0,Low,0,0,1.386294361,3.161246712,11.47416696
67,22687399,Thalurania_furcata,Thalurania_furcata,Fork-tailed Woodnymph,Least Concern,0,Unknown,NA,4.19,24.14,11225311.9,0,1800,1800,14.74736343,Not a Migrant,0,Medium,0,0,1.432700734,3.183870216,16.23368178
68,22687405,Thalurania_glaucopis,Thalurania_glaucopis,Violet-capped Woodnymph,Least Concern,0,Unknown,NA,4.8,22.8,1415898.8,0,850,850,30.15924399,Not a Migrant,0,Medium,0,0,1.568615918,3.126760536,14.16327508
69,22687408,Panterpe_insignis,Panterpe_insignis,Fiery-throated Hummingbird,Least Concern,0,Unknown,NA,5.7,21.63,8271.6,1600,3200,1600,36.94704774,Altitudinal Migrant,1,Medium,0,0,1.740466175,3.07408124,9.02058324
70,22687411,Juliamyia_julie,Damophila_julie,Violet-bellied Hummingbird,Least Concern,0,Unknown,NA,3.3,15.67,289653.4,0,1800,1800,30.60971952,Not a Migrant,0,High,1,0,1.193922468,2.751748056,12.57644031
71,22687414,Lepidopyga_coeruleogularis,Lepidopyga_coeruleogularis,Sapphire-throated Hummingbird,Least Concern,0,Unknown,NA,4.2,21.35,88896.1,0,100,100,32.00294982,Not a Migrant,0,Medium,0,0,1.435084525,3.06105174,11.39522355
72,22687421,Lepidopyga_goudoti,Lepidopyga_goudoti,Shining-green Hummingbird,Least Concern,0,Increasing,0,4,19.65,299961.6,0,1600,1600,30.57338953,Not a Migrant,0,Low,0,0,1.386294361,2.978077338,12.61140975
73,22687424,Basilinna_xantusii,Hylocharis_xantusii,Xantus's Hummingbird,Least Concern,0,Unknown,NA,3.4,17.78,41934.5,1800,2200,400,15.99459073,Not a Migrant,0,Medium,0,0,1.223775432,2.87807423,10.64386416
74,22687428,Basilinna_leucotis,Hylocharis_leucotis,White-eared Hummingbird,Least Concern,0,Unknown,NA,3.39,18.58,556987.7,1200,3500,2300,29.73025738,Not a Migrant,0,High,1,0,1.220829921,2.922085733,13.23029844
75,22687432,Hylocharis_eliciae,Hylocharis_eliciae,Blue-throated Goldentail,Least Concern,0,Increasing,0,3.6,18.2,306965.4,0,1000,1000,33.07713998,Not a Migrant,0,Medium,0,0,1.280933845,2.901421594,12.63449032
76,22687436,Amazilia_sapphirina,Hylocharis_sapphirina,Rufous-throated Hummingbird,Least Concern,0,Unknown,NA,4.4,20.48,3920467.9,0,1850,1850,11.92979222,Not a Migrant,0,Medium,0,0,1.481604541,3.0194488,15.18172157
77,22687439,Hylocharis_cyanus,Hylocharis_cyanus,White-chinned Sapphire,Least Concern,0,Unknown,NA,3.3,20.2,7031945,0,1250,1250,12.77700908,Not a Migrant,0,Medium,0,0,1.193922468,3.005682604,15.7659739
78,22687449,Hylocharis_chrysura,Hylocharis_chrysura,Gilded Hummingbird,Least Concern,0,Increasing,0,4.5,22.8,3128403.2,200,1000,800,21.86311663,Not a Migrant,0,Low,0,0,1.504077397,3.126760536,14.95603327
79,22687464,Goethalsia_bella,Goethalsia_bella,Pirre Hummingbird,Near Threatened,0,Unknown,NA,3.4,20.17,1893.2,600,1500,900,22.9819624,Not a Migrant,0,High,1,0,1.223775432,3.004196352,7.546023798
80,22687469,Trochilus_polytmus,Trochilus_polytmus,Red-billed Streamertail,Least Concern,0,Unknown,NA,4.84,22.25,10225,0,1000,1000,45.20538876,Altitudinal Migrant,1,Medium,0,0,1.576914721,3.102342009,9.232590981
81,22687474,Trochilus_scitulus,Trochilus_scitulus,Black-billed Streamertail,Least Concern,0,Unknown,NA,4,23.13,796.8,0,1140,1140,45.02317913,Altitudinal Migrant,1,Low,0,0,1.386294361,3.141130476,6.680603706
82,22687479,Leucochloris_albicollis,Leucochloris_albicollis,White-throated Hummingbird,Least Concern,0,Unknown,NA,6.3,26.6,2177080.2,0,1000,1000,28.36312802,Full Migrant,1,Medium,0,0,1.840549633,3.280911216,14.59349518
83,22687482,Polytmus_guainumbi,Polytmus_guainumbi,White-tailed Goldenthroat,Least Concern,0,Unknown,NA,5.2,25.29,4835836.6,0,600,600,20.08275625,Not a Migrant,0,Non-forest,0,0,1.648658626,3.230409061,15.3915647
84,22687485,Polytmus_milleri,Polytmus_milleri,Tepui Goldenthroat,Least Concern,0,Unknown,NA,4.1,25.45,74968.1,1300,2200,900,6.600104838,Not a Migrant,0,Medium,0,0,1.410986974,3.236715743,11.22481797
85,22687488,Polytmus_theresiae,Polytmus_theresiae,Green-tailed Goldenthroat,Least Concern,0,Unknown,NA,3.8,21.46,1942442.6,100,300,200,7.100347207,Not a Migrant,0,Medium,0,0,1.335001067,3.066190737,14.47945681
86,22687494,Leucippus_baeri,Leucippus_baeri,Tumbes Hummingbird,Least Concern,0,Unknown,NA,4.5,24.7,38502.3,0,800,800,24.52443826,Not a Migrant,0,Medium,0,0,1.504077397,3.206803244,10.55847326
87,22687497,Leucippus_taczanowskii,Leucippus_taczanowskii,Spot-throated Hummingbird,Least Concern,0,Unknown,NA,6.4,27.68,86685.7,350,2800,2450,22.98336489,Not a Migrant,0,Medium,0,0,1.85629799,3.320710131,11.37004421
88,22687500,Leucippus_chlorocercus,Leucippus_chlorocercus,Olive-spotted Hummingbird,Least Concern,0,Unknown,NA,4.6,19.55,173795.3,0,400,400,8.071675718,Not a Migrant,0,High,1,0,1.526056303,2.972975286,12.06563345
89,22687503,Taphrospilus_hypostictus,Taphrospilus_hypostictus,Many-spotted Hummingbird,Least Concern,0,Decreasing,1,7,25.35,110102.9,0,2800,2800,18.34712756,Not a Migrant,0,High,1,0,1.945910149,3.23277873,11.60917066
90,22687506,Amazilia_viridicauda,Amazilia_viridicauda,Green-and-white Hummingbird,Least Concern,0,Unknown,NA,6.1,25.38,28877.9,1000,2500,1500,16.71096712,Not a Migrant,0,High,1,0,1.808288771,3.233961462,10.27083188
91,22687509,Amazilia_chionogaster,Amazilia_chionogaster,White-bellied Hummingbird,Least Concern,0,Unknown,NA,5.04,25.73,488766.5,450,3500,3050,18.86317577,Not a Migrant,0,Medium,0,0,1.617406082,3.247657626,13.09964015
92,22687513,Amazilia_candida,Amazilia_candida,White-bellied Emerald,Least Concern,0,Decreasing,1,3.8,18.4,429523.6,0,1500,1500,32.05726552,Not a Migrant,0,High,1,0,1.335001067,2.912350665,12.97043197
93,22687517,Amazilia_brevirostris,Amazilia_brevirostris,White-chested Emerald,Least Concern,0,Unknown,NA,4.3,19.63,584293,0,500,500,13.5892034,Not a Migrant,0,Medium,0,0,1.458615023,2.977059008,13.27815785
94,22687525,Amazilia_versicolor,Amazilia_versicolor,Versicolored Emerald,Least Concern,0,Unknown,NA,4.1,19.14,5113575.5,0,1700,1700,17.38812646,Not a Migrant,0,Medium,0,0,1.410986974,2.951780386,15.44740942
95,22687529,Amazilia_luciae,Amazilia_luciae,Honduran Emerald,Endangered,1,Decreasing,1,4.78,23,399.3,75,300,225,31.75594181,Not a Migrant,0,Medium,0,0,1.564440547,3.135494216,5.989713014
96,22687534,Amazilia_fimbriata,Amazilia_fimbriata,Glittering-throated Emerald,Least Concern,0,Unknown,NA,4.9,22.33,10739829,0,1300,1300,15.25248203,Not a Migrant,0,Medium,0,0,1.589235205,3.105931066,16.18946973
97,22687552,Amazilia_amabilis,Amazilia_amabilis,Blue-chested Hummingbird,Least Concern,0,Unknown,NA,4.3,21.38,298624.4,0,1400,1400,29.41925533,Not a Migrant,0,Medium,0,0,1.458615023,3.062455906,12.60694188
98,22687556,Amazilia_decora,Amazilia_decora,Charming Hummingbird,Least Concern,0,Unknown,NA,4.6,24.97,13143.8,0,1580,1580,38.39133008,Not a Migrant,0,Medium,0,0,1.526056303,3.217675104,9.483705444
99,22687559,Amazilia_rosenbergi,Amazilia_rosenbergi,Purple-chested Hummingbird,Least Concern,0,Unknown,NA,3.7,23.85,67270.7,0,500,500,25.67161774,Not a Migrant,0,High,1,0,1.30833282,3.171784217,11.11648006
100,22687562,Amazilia_boucardi,Amazilia_boucardi,Mangrove Hummingbird,Endangered,1,Decreasing,1,4.5,22.25,1301.8,0,150,150,36.94704774,Not a Migrant,0,High,1,0,1.504077397,3.102342009,7.171503201
101,22687566,Amazilia_franciae,Amazilia_franciae,Andean Emerald,Least Concern,0,Unknown,NA,5,26.1,247257.7,400,2750,2350,26.33353282,Not a Migrant,0,High,1,0,1.609437912,3.261935314,12.41818639
102,22687574,Amazilia_leucogaster,Amazilia_leucogaster,Plain-bellied Emerald,Least Concern,0,Unknown,NA,4.7,25.1,322467.5,0,250,250,20.83824328,Not a Migrant,0,Low,0,0,1.547562509,3.222867846,12.68375763
103,22687577,Amazilia_cyanocephala,Amazilia_cyanocephala,Azure-crowned Hummingbird,Least Concern,0,Unknown,NA,5.1,23.58,304045.5,300,2400,2100,32.8652391,Not a Migrant,0,Medium,0,0,1.62924054,3.160398895,12.62493264
104,22687583,Amazilia_beryllina,Amazilia_beryllina,Berylline Hummingbird,Least Concern,0,Unknown,NA,4.5,22.13,607172.8,0,3000,3000,31.43104084,Not a Migrant,0,Medium,0,0,1.504077397,3.096934154,13.31656871
105,22687587,Amazilia_cyanura,Amazilia_cyanura,Blue-tailed Hummingbird,Least Concern,0,Unknown,NA,3.9,22.18,75348.4,0,1800,1800,37.02824203,Not a Migrant,0,Medium,0,0,1.360976553,3.099190982,11.22987797
106,22687590,Amazilia_saucerottei,Amazilia_saucerrottei,Steely-vented Hummingbird,Least Concern,0,Increasing,0,4.5,21.98,245060.6,0,2000,2000,31.04775185,Not a Migrant,0,Medium,0,0,1.504077397,3.090132949,12.40926081
107,22687593,Amazilia_tobaci,Amazilia_tobaci,Copper-rumped Hummingbird,Least Concern,0,Unknown,NA,4.7,21.48,434773.6,0,1800,1800,19.48274282,Not a Migrant,0,Medium,0,0,1.547562509,3.06712227,12.98258071
108,22687599,Amazilia_edward,Amazilia_edward,Snowy-bellied Hummingbird,Least Concern,0,Unknown,NA,4.7,20.8,42606.1,0,1500,1500,32.70809375,Not a Migrant,0,Medium,0,0,1.547562509,3.034952987,10.65975271
109,22687603,Amazilia_rutila,Amazilia_rutila,Cinnamon Hummingbird,Least Concern,0,Unknown,NA,5.24,24.45,397526.8,0,1700,1700,31.58504849,Not a Migrant,0,Medium,0,0,1.656321498,3.196630216,12.89301763
110,22687606,Amazilia_yucatanensis,Amazilia_yucatanensis,Buff-bellied Hummingbird,Least Concern,0,Increasing,0,3.89,24.05,395090.8,0,1500,1500,29.62547684,Full Migrant,1,Medium,0,0,1.358409158,3.180134997,12.88687089
111,22687618,Amazilia_amazilia,Amazilia_amazilia,Amazilia Hummingbird,Least Concern,0,Unknown,NA,4.3,21.1,169393.2,0,2700,2700,26.07179542,Not a Migrant,0,Low,0,0,1.458615023,3.04927304,12.03997792
112,22687624,Amazilia_violiceps,Amazilia_violiceps,Violet-crowned Hummingbird,Least Concern,0,Unknown,NA,5.1,26.2,555727.2,300,2200,1900,25.98344746,Full Migrant,1,Medium,0,0,1.62924054,3.265759411,13.22803281
113,22687627,Eupherusa_poliocerca,Eupherusa_poliocerca,White-tailed Hummingbird,Vulnerable,1,Decreasing,1,4.85,21.43,3963.3,900,2400,1500,31.48652437,Not a Migrant,0,High,1,0,1.578978705,3.064791809,8.284832291
114,22687632,Eupherusa_eximia,Eupherusa_eximia,Stripe-tailed Hummingbird,Least Concern,0,Unknown,NA,4.3,19.13,174512.4,800,2500,1700,34.31355357,Altitudinal Migrant,1,High,1,0,1.458615023,2.951257783,12.06975108
115,22687640,Eupherusa_nigriventris,Eupherusa_nigriventris,Black-bellied Hummingbird,Least Concern,0,Unknown,NA,3.5,16.13,14338.3,900,2000,1100,37.22006766,Altitudinal Migrant,1,High,1,0,1.252762968,2.780680892,9.570689558
116,22687643,Elvira_chionura,Elvira_chionura,White-tailed Emerald,Least Concern,0,Unknown,NA,3,17.43,9597.8,1000,1700,700,38.26969291,Not a Migrant,0,Medium,0,0,1.098612289,2.85819286,9.169289185
117,22687646,Elvira_cupreiceps,Elvira_cupreiceps,Coppery-headed Emerald,Least Concern,0,Unknown,NA,3,16.9,5223.2,700,1500,800,35.38509356,Altitudinal Migrant,1,Medium,0,0,1.098612289,2.827313622,8.56086552
118,22687649,Microchera_albocoronata,Microchera_albocoronata,Snowcap,Least Concern,0,Decreasing,1,2.7,14.13,76811,300,1650,1350,30.72747717,Altitudinal Migrant,1,High,1,0,0.993251773,2.648300197,11.24910314
119,22687652,Chalybura_buffonii,Chalybura_buffonii,White-vented Plumeleteer,Least Concern,0,Increasing,0,6.79,25.83,503113.7,0,2000,2000,29.0622179,Not a Migrant,0,Medium,0,0,1.915450942,3.251536607,13.12857147
120,22687655,Chalybura_urochrysia,Chalybura_urochrysia,Bronze-tailed Plumeleteer,Least Concern,0,Decreasing,1,6.38,26.25,208990.8,0,1000,1000,28.10661927,Not a Migrant,0,High,1,0,1.853168097,3.267665989,12.25004551
121,22687658,Aphantochroa_cirrochloris,Aphantochroa_cirrochloris,Sombre Hummingbird,Least Concern,0,Unknown,NA,7.7,24.87,1438336.1,0,700,700,31.12044219,Not a Migrant,0,Medium,0,0,2.041220329,3.213662258,14.17899752
122,22687664,Lampornis_clemenciae,Lampornis_clemenciae,Blue-throated Hummingbird,Least Concern,0,Increasing,0,7.55,28.5,496866,500,3500,3000,24.29452602,Full Migrant,1,High,1,0,2.021547563,3.349904087,13.11607565
123,22687672,Lampornis_viridipallens,Lampornis_viridipallens,Green-throated Mountain-gem,Least Concern,0,Decreasing,1,5.33,22.95,91757.8,900,2700,1800,36.11579146,Not a Migrant,0,High,1,0,1.673351238,3.133317937,11.42690778
124,22687680,Lampornis_hemileucus,Lampornis_hemileucus,White-bellied Mountain-gem,Least Concern,0,Unknown,NA,5.5,23.23,9355,700,1400,700,37.22006766,Altitudinal Migrant,1,High,1,0,1.704748092,3.145444547,9.143666239
125,22687693,Lamprolaima_rhami,Lamprolaima_rhami,Garnet-throated Hummingbird,Least Concern,0,Unknown,NA,7.8,21.13,137859.1,1200,3000,1800,35.41528232,Altitudinal Migrant,1,High,1,0,2.054123734,3.050693832,11.83398743
126,22687696,Adelomyia_melanogenys,Adelomyia_melanogenys,Speckled Hummingbird,Least Concern,0,Unknown,NA,4.93,18.51,620184.6,900,2900,2000,23.37270476,Not a Migrant,0,High,1,0,1.595338988,2.918311127,13.33777245
127,22687703,Phlogophilus_hemileucurus,Phlogophilus_hemileucurus,Ecuadorian Piedtail,Vulnerable,1,Decreasing,1,2.8,18.98,25433.9,500,1200,700,22.78825017,Not a Migrant,0,High,1,0,1.029619417,2.943385793,10.14383821
128,22687708,Phlogophilus_harterti,Phlogophilus_harterti,Peruvian Piedtail,Near Threatened,0,Decreasing,1,2.7,18.83,33304,700,1500,800,15.5989918,Not a Migrant,0,High,1,0,0.993251773,2.935451343,10.41343279
129,22687712,Clytolaema_rubricauda,Clytolaema_rubricauda,Brazilian Ruby,Least Concern,0,Unknown,NA,7.9,24.9,352770.8,0,1500,1500,32.87142233,Not a Migrant,0,Medium,0,0,2.066862759,3.214867803,12.77357383
130,22687715,Heliodoxa_imperatrix,Heliodoxa_imperatrix,Empress Brilliant,Least Concern,0,Unknown,NA,8.8,33.38,22063.3,700,2300,1600,27.65038457,Not a Migrant,0,High,1,0,2.174751721,3.507956918,10.00167087
131,22687718,Heliodoxa_xanthogonys,Heliodoxa_xanthogonys,Velvet-browed Brilliant,Least Concern,0,Decreasing,1,6.99,24.18,222441.7,700,2000,1300,4.814497528,Not a Migrant,0,High,1,0,1.944480556,3.185525845,12.31242032
132,22687721,Heliodoxa_gularis,Heliodoxa_gularis,Pink-throated Brilliant,Vulnerable,1,Decreasing,1,6.3,28.06,22626,300,1100,800,25.81726916,Not a Migrant,0,High,1,0,1.840549633,3.334345075,10.02685497
133,22687725,Heliodoxa_branickii,Heliodoxa_branickii,Rufous-webbed Brilliant,Least Concern,0,Decreasing,1,5.2,25.55,126780.8,650,1700,1050,15.1790113,Not a Migrant,0,High,1,0,1.648658626,3.240637317,11.75021489
134,22687731,Heliodoxa_aurescens,Heliodoxa_aurescens,Gould's Brilliant,Least Concern,0,Decreasing,1,6.4,25.4,3600181.6,0,1400,1400,7.677039845,Not a Migrant,0,High,1,0,1.85629799,3.234749174,15.09649485
135,22687737,Heliodoxa_rubinoides,Heliodoxa_rubinoides,Fawn-breasted Brilliant,Least Concern,0,Unknown,NA,7.79,27.74,203571.9,1200,2600,1400,22.14216585,Not a Migrant,0,Medium,0,0,2.05284086,3.322875415,12.22377454
136,22687740,Heliodoxa_jacula,Heliodoxa_jacula,Green-crowned Brilliant,Least Concern,0,Decreasing,1,8.09,26.45,63656.5,400,2000,1600,30.3045167,Altitudinal Migrant,1,High,1,0,2.090628731,3.275256158,11.06125672
137,22687746,Eugenes_fulgens,Eugenes_fulgens,Magnificent Hummingbird,Least Concern,0,Increasing,0,8,33.35,854474.7,1500,3100,1600,26.86500232,Full Migrant,1,High,1,0,2.079441542,3.507057772,13.65824217
138,22687749,Hylonympha_macrocerca,Hylonympha_macrocerca,Scissor-tailed Hummingbird,Endangered,1,Decreasing,1,12.96,27.2,227.6,NA,NA,NA,40.49968261,Not a Migrant,0,High,1,0,2.561867691,3.303216973,5.427589702
139,22687753,Sternoclyta_cyanopectus,Sternoclyta_cyanopectus,Violet-chested Hummingbird,Least Concern,0,Unknown,NA,8,33.83,40401,700,2000,1300,31.36940786,Not a Migrant,0,High,1,0,2.079441542,3.521347983,10.60660982
140,22687756,Topaza_pyra,Topaza_pyra,Fiery Topaz,Least Concern,0,Decreasing,1,12.11,30.45,2026634.8,0,750,750,6.552123631,Not a Migrant,0,High,1,0,2.494031558,3.416085994,14.52188724
141,22687759,Topaza_pella,Topaza_pella,Crimson Topaz,Least Concern,0,Decreasing,1,12.11,30.3,1678434.4,0,500,500,9.005225002,Not a Migrant,0,High,1,0,2.494031558,3.411147713,14.33337201
142,22687762,Oreotrochilus_chimborazo,Oreotrochilus_chimborazo,Ecuadorian Hillstar,Least Concern,0,Stable,0,8.2,24.38,36894.4,3500,5200,1700,26.58465976,Altitudinal Migrant,1,Non-forest,0,0,2.104134154,3.193763124,10.51581506
143,22687768,Oreotrochilus_leucopleurus,Oreotrochilus_leucopleurus,White-sided Hillstar,Least Concern,0,Stable,0,8.15,24.18,404051.7,1200,4000,2800,17.28421665,Not a Migrant,0,Non-forest,0,0,2.098017927,3.185525845,12.90929812
144,22687771,Oreotrochilus_melanogaster,Oreotrochilus_melanogaster,Black-breasted Hillstar,Least Concern,0,Stable,0,9.1,23.35,55336.7,3500,4400,900,23.26336474,Not a Migrant,0,Non-forest,0,0,2.208274414,3.150596984,10.92119162
145,22687774,Oreotrochilus_adela,Oreotrochilus_adela,Wedge-tailed Hillstar,Near Threatened,0,Decreasing,1,7.85,32.08,50643.6,2600,4000,1400,21.08187626,Not a Migrant,0,Low,0,0,2.060513532,3.468232783,10.83256814
146,22687785,Patagona_gigas,Patagona_gigas,Giant Hummingbird,Least Concern,0,Stable,0,20.2,45.88,1270464.7,2000,4800,2800,19.55224673,Full Migrant,1,Low,0,0,3.005682604,3.826029292,14.0548933
147,22687788,Aglaeactis_cupripennis,Aglaeactis_cupripennis,Shining Sunbeam,Least Concern,0,Stable,0,7.6,22.49,224851.8,2200,4600,2400,24.14537912,Altitudinal Migrant,1,Low,0,0,2.028148247,3.113070766,12.3231968
148,22687794,Aglaeactis_aliciae,Aglaeactis_aliciae,Purple-backed Sunbeam,Endangered,1,Decreasing,1,7.8,19.93,182.7,3000,3200,200,19.2146559,Not a Migrant,0,Non-forest,0,0,2.054123734,2.992226134,5.207845463
149,22687798,Aglaeactis_pamela,Aglaeactis_pamela,Black-hooded Sunbeam,Least Concern,0,Stable,0,5.5,22.25,16549.6,3000,3500,500,23.8186612,Altitudinal Migrant,1,Low,0,0,1.704748092,3.102342009,9.714117211
150,22687801,Lafresnaya_lafresnayi,Lafresnaya_lafresnayi,Mountain Velvetbreast,Least Concern,0,Stable,0,5.3,30.72,312914.9,1800,3600,1800,25.17744808,Altitudinal Migrant,1,Medium,0,0,1.667706821,3.424913908,12.65368655
151,22687804,Pterophanes_cyanopterus,Pterophanes_cyanopterus,Great Sapphirewing,Least Concern,0,Stable,0,9.25,37.97,232558.3,2600,3700,1100,24.34813718,Not a Migrant,0,Medium,0,0,2.224623552,3.636796374,12.35689623
152,22687807,Coeligena_coeligena,Coeligena_coeligena,Bronzy Inca,Least Concern,0,Stable,0,6.8,37.92,384688.5,400,2600,2200,24.4337766,Not a Migrant,0,Medium,0,0,1.916922612,3.635478677,12.86018919
153,22687810,Coeligena_wilsoni,Coeligena_wilsoni,Brown Inca,Least Concern,0,Decreasing,1,6.7,33.73,34158.9,700,2400,1700,26.83298089,Not a Migrant,0,High,1,0,1.902107526,3.518387649,10.43877845
154,22687813,Coeligena_prunellei,Coeligena_prunellei,Black Inca,Vulnerable,1,Decreasing,1,6.98,31.95,6383,1600,2700,1100,33.35559178,Not a Migrant,0,High,1,0,1.943048917,3.464172181,8.761393485
155,22687834,Coeligena_helianthea,Coeligena_helianthea,Blue-throated Starfrontlet,Least Concern,0,Unknown,NA,6.64,36.15,42112.9,1900,3300,1400,32.33384143,Not a Migrant,0,Medium,0,0,1.893111963,3.587676949,10.64810939
156,22687837,Coeligena_lutetiae,Coeligena_lutetiae,Buff-winged Starfrontlet,Least Concern,0,Decreasing,1,7.29,41.41,63339.5,2600,3700,1100,27.13257494,Not a Migrant,0,High,1,0,1.986503546,3.723522398,11.05626443
157,22687847,Coeligena_iris,Coeligena_iris,Rainbow Starfrontlet,Least Concern,0,Decreasing,1,6.9,37.13,80713.8,1700,4000,2300,23.75412791,Not a Migrant,0,Medium,0,0,1.931521412,3.614425268,11.29866484
158,22687854,Ensifera_ensifera,Ensifera_ensifera,Sword-billed Hummingbird,Least Concern,0,Stable,0,11.2,98.55,398274.9,1700,3600,1900,23.38863656,Altitudinal Migrant,1,High,1,0,2.415913778,4.590564034,12.89489775
159,22687857,Sephanoides_sephaniodes,Sephanoides_sephaniodes,Green-backed Firecrown,Least Concern,0,Decreasing,1,5.17,22.25,554268.7,0,2000,2000,15.55689834,Full Migrant,1,Medium,0,0,1.642872689,3.102342009,13.22540487
160,22687868,Boissonneaua_flavescens,Boissonneaua_flavescens,Buff-tailed Coronet,Least Concern,0,Unknown,NA,8.2,20.7,128711.6,1500,3600,2100,26.83293949,Not a Migrant,0,High,1,0,2.104134154,3.0301337,11.76532952
161,22687871,Boissonneaua_matthewsii,Boissonneaua_matthewsii,Chestnut-breasted Coronet,Least Concern,0,Unknown,NA,7.7,23.29,127440,1200,3300,2100,21.83322014,Not a Migrant,0,High,1,0,2.041220329,3.148024084,11.75540094
162,22687877,Heliangelus_mavors,Heliangelus_mavors,Orange-throated Sunangel,Least Concern,0,Stable,0,4.2,17.8,38610.6,1500,3200,1700,31.19019521,Not a Migrant,0,Medium,0,0,1.435084525,2.879198457,10.56128213
163,22687890,Heliangelus_strophianus,Heliangelus_strophianus,Gorgeted Sunangel,Least Concern,0,Decreasing,1,5.5,17.1,9555.1,2000,3200,1200,28.55299933,Not a Migrant,0,High,1,0,1.704748092,2.839078464,9.164830322
164,22687898,Heliangelus_viola,Heliangelus_viola,Purple-throated Sunangel,Least Concern,0,Stable,0,5.4,19.34,35976.8,1000,3200,2200,24.48436962,Not a Migrant,0,Medium,0,0,1.686398954,2.96217549,10.49062957
165,22687901,Heliangelus_regalis,Heliangelus_regalis,Royal Sunangel,Endangered,1,Decreasing,1,3.6,18.35,3514.4,1350,2200,850,17.42228414,Not a Migrant,0,Medium,0,0,1.280933845,2.909629575,8.164624093
166,22687909,Eriocnemis_nigrivestis,Eriocnemis_nigrivestis,Black-breasted Puffleg,Critically Endangered,1,Decreasing,1,4.45,19.3,77.9,2745,4570,1825,29.97730102,Not a Migrant,0,High,1,0,1.492904096,2.960105096,4.355425953
167,22687914,Eriocnemis_vestita,Eriocnemis_vestita,Glowing Puffleg,Least Concern,0,Stable,0,4.54,22.26,97835.4,2300,3850,1550,28.45887708,Not a Migrant,0,Medium,0,0,1.512927012,3.102791346,11.49104175
168,22687922,Eriocnemis_godini,Eriocnemis_godini,Turquoise-throated Puffleg,Critically Endangered,1,Unknown,NA,5.06,23.37,NA,2100,2300,200,NA,Not a Migrant,0,High,1,0,1.621366483,3.151453149,NA
169,22687930,Eriocnemis_cupreoventris,Eriocnemis_cupreoventris,Coppery-bellied Puffleg,Near Threatened,0,Decreasing,1,5.3,20.7,49722.5,2000,3000,1000,29.6913083,Not a Migrant,0,Medium,0,0,1.667706821,3.0301337,10.81421283
170,22687936,Eriocnemis_glaucopoides,Eriocnemis_glaucopoides,Blue-capped Puffleg,Least Concern,0,Stable,0,3.7,24.95,57133.7,1500,3400,1900,19.7009301,Not a Migrant,0,Medium,0,0,1.30833282,3.216873822,10.95314941
171,22687944,Eriocnemis_aline,Eriocnemis_alinae,Emerald-bellied Puffleg,Least Concern,0,Decreasing,1,4.24,18.05,68341.9,1000,2700,1700,23.86122349,Not a Migrant,0,High,1,0,1.444563269,2.893145685,11.13227833
172,22687947,Eriocnemis_derbyi,Eriocnemis_derbyi,Black-thighed Puffleg,Near Threatened,0,Decreasing,1,5.06,21.88,24534.7,2800,3650,850,28.65798937,Altitudinal Migrant,1,Medium,0,0,1.621366483,3.085572978,10.10784372
173,22687957,Haplophaedia_lugens,Haplophaedia_lugens,Hoary Puffleg,Near Threatened,0,Decreasing,1,6.9,19.2,4915.2,1200,2200,1000,28.61644554,Not a Migrant,0,High,1,0,1.931521412,2.954910279,8.500087724
174,22687965,Urosticte_ruficrissa,Urosticte_ruficrissa,Rufous-vented Whitetip,Least Concern,0,Decreasing,1,4.3,23,31247.6,1300,2300,1000,22.33514259,Not a Migrant,0,High,1,0,1.458615023,3.135494216,10.34969785
175,22687968,Ocreatus_underwoodii,Ocreatus_underwoodii,Booted Racket-tail,Least Concern,0,Stable,0,3,19.19,385606.2,600,4000,3400,23.54835303,Altitudinal Migrant,1,High,1,0,1.098612289,2.95438931,12.86257192
176,22687971,Lesbia_victoriae,Lesbia_victoriae,Black-tailed Trainbearer,Least Concern,0,Stable,0,5,18.28,197468.4,2300,4100,1800,24.92883471,Not a Migrant,0,Medium,0,0,1.609437912,2.905807566,12.19333385
177,22687974,Lesbia_nuna,Lesbia_nuna,Green-tailed Trainbearer,Least Concern,0,Stable,0,3.7,17.9,251935.2,1700,3800,2100,24.13073542,Not a Migrant,0,Low,0,0,1.30833282,2.884800713,12.43692719
178,22687977,Sappho_sparganurus,Sappho_sparganura,Red-tailed Comet,Least Concern,0,Stable,0,5.3,20.15,409718.7,1500,4000,2500,19.80672575,Not a Migrant,0,Low,0,0,1.667706821,3.003204288,12.92322611
179,22687980,Polyonymus_caroli,Polyonymus_caroli,Bronze-tailed Comet,Least Concern,0,Stable,0,4.8,23.8,159553.5,1500,3600,2100,22.02213853,Not a Migrant,0,Low,0,0,1.568615918,3.169685581,11.98013457
180,22687984,Ramphomicron_microrhynchum,Ramphomicron_microrhynchum,Purple-backed Thornbill,Least Concern,0,Decreasing,1,3.6,10.1,203532.2,1700,3600,1900,26.25461847,Not a Migrant,0,Medium,0,0,1.280933845,2.312535424,12.2235795
181,22687987,Ramphomicron_dorsale,Ramphomicron_dorsale,Black-backed Thornbill,Endangered,1,Decreasing,1,3.5,12.7,2604.1,NA,NA,NA,35.63719497,Altitudinal Migrant,1,High,1,0,1.252762968,2.541601993,7.864842405
182,22687993,Metallura_baroni,Metallura_baroni,Violet-throated Metaltail,Endangered,1,Decreasing,1,4.3,16.77,2725.5,3100,3800,700,27.80315428,Not a Migrant,0,High,1,0,1.458615023,2.819591576,7.910407177
183,22687998,Metallura_odomae,Metallura_odomae,Neblina Metaltail,Least Concern,0,Decreasing,1,5.1,20.15,8418.4,2600,3400,800,22.89074995,Not a Migrant,0,High,1,0,1.62924054,3.003204288,9.038175065
184,22688002,Metallura_theresiae,Metallura_theresiae,Coppery Metaltail,Least Concern,0,Decreasing,1,4.9,17.1,34923.5,2800,3550,750,20.77388443,Not a Migrant,0,High,1,0,1.589235205,2.839078464,10.46091523
185,22688005,Metallura_eupogon,Metallura_eupogon,Fire-throated Metaltail,Least Concern,0,Decreasing,1,4.6,17.8,35465.5,3100,3800,700,20.63826094,Not a Migrant,0,High,1,0,1.526056303,2.879198457,10.47631567
186,22688009,Metallura_aeneocauda,Metallura_aeneocauda,Scaled Metaltail,Least Concern,0,Decreasing,1,5.2,19,49696.5,2500,3600,1100,18.67360691,Not a Migrant,0,High,1,0,1.648658626,2.944438979,10.81368979
187,22688012,Metallura_phoebe,Metallura_phoebe,Black Metaltail,Least Concern,0,Decreasing,1,5.4,21.7,142045.3,1500,4500,3000,21.88821496,Not a Migrant,0,Low,0,0,1.686398954,3.077312261,11.8639013
188,22688015,Metallura_tyrianthina,Metallura_tyrianthina,Tyrian Metaltail,Least Concern,0,Stable,0,3.8,16.6,422578.6,1500,4200,2700,24.82202589,Altitudinal Migrant,1,High,1,0,1.335001067,2.809402695,12.95413074
189,22688018,Metallura_iracunda,Metallura_iracunda,Perija Metaltail,Endangered,1,Decreasing,1,3.85,14.42,1651,NA,NA,NA,32.10181464,Not a Migrant,0,Medium,0,0,1.348073148,2.668616132,7.409136444
190,22688024,Chalcostigma_ruficeps,Chalcostigma_ruficeps,Rufous-capped Thornbill,Least Concern,0,Stable,0,3.4,15.96,123504.1,1400,3800,2400,20.81528631,Not a Migrant,0,High,1,0,1.223775432,2.770085592,11.72402963
191,22688027,Chalcostigma_olivaceum,Chalcostigma_olivaceum,Olivaceous Thornbill,Least Concern,0,Stable,0,8.5,15.28,65216.2,3500,4700,1200,22.6075145,Not a Migrant,0,Low,0,0,2.140066163,2.726544784,11.08546318
192,22688030,Chalcostigma_stanleyi,Chalcostigma_stanleyi,Blue-mantled Thornbill,Least Concern,0,Decreasing,1,5.8,13.9,120425.3,2200,4500,2300,20.93113102,Altitudinal Migrant,1,Low,0,0,1.757857918,2.63188884,11.69878492
193,22688033,Chalcostigma_heteropogon,Chalcostigma_heteropogon,Bronze-tailed Thornbill,Least Concern,0,Decreasing,1,6.1,15.85,29040.9,2800,3900,1100,31.98871918,Not a Migrant,0,Low,0,0,1.808288771,2.7631695,10.27646046
194,22688036,Chalcostigma_herrani,Chalcostigma_herrani,Rainbow-bearded Thornbill,Least Concern,0,Decreasing,1,5.8,16.51,75957.4,2450,4000,1550,26.54719581,Not a Migrant,0,Low,0,0,1.757857918,2.803966258,11.23792794
195,22688046,Opisthoprora_euryptera,Opisthoprora_euryptera,Mountain Avocetbill,Least Concern,0,Stable,0,5.76,16.45,26992.2,2600,3600,1000,23.96509731,Not a Migrant,0,Medium,0,0,1.750937475,2.800325477,10.20330321
196,22688049,Taphrolesbia_griseiventris,Taphrolesbia_griseiventris,Grey-bellied Comet,Endangered,1,Decreasing,1,8.94,22.75,4114.5,2750,3200,450,23.91152611,Not a Migrant,0,Non-forest,0,0,2.190535589,3.124565145,8.322272599
197,22688059,Aglaiocercus_coelestis,Aglaiocercus_coelestis,Violet-tailed Sylph,Least Concern,0,Stable,0,5.61,19.2,28059.9,800,2300,1500,26.83298089,Not a Migrant,0,Medium,0,0,1.72455072,2.954910279,10.24209679
198,22688111,Heliothryx_auritus,Heliothryx_auritus,Black-eared Fairy,Least Concern,0,Decreasing,1,5.4,24.08,6893426.3,0,1300,1300,11.58742017,Not a Migrant,0,High,1,0,1.686398954,3.18138162,15.74607881
199,22688119,Heliactin_bilophus,Heliactin_bilophus,Horned Sungem,Least Concern,0,Increasing,0,4.4,19.3,3875515.1,0,1000,1000,20.78951278,Full Migrant,1,Medium,0,0,1.481604541,2.960105096,15.17018914
200,22688130,Loddigesia_mirabilis,Loddigesia_mirabilis,Marvelous Spatuletail,Endangered,1,Decreasing,1,3,19.53,1772.9,2000,2900,900,16.5323844,Not a Migrant,0,Medium,0,0,1.098612289,2.971951745,7.480371903
201,22688135,Heliomaster_constantii,Heliomaster_constantii,Plain-capped Starthroat,Least Concern,0,Stable,0,7.3,35.43,553813.6,0,1500,1500,31.02498452,Not a Migrant,0,Medium,0,0,1.987874348,3.567558919,13.22458345
202,22688141,Heliomaster_squamosus,Heliomaster_squamosus,Stripe-breasted Starthroat,Least Concern,0,Stable,0,5.9,32.5,1519239.7,0,800,800,28.47497064,Not a Migrant,0,Medium,0,0,1.774952351,3.481240089,14.23372057
203,22688147,Rhodopis_vesper,Rhodopis_vesper,Oasis Hummingbird,Least Concern,0,Stable,0,3.8,34.95,305657,0,3800,3800,18.59759592,Not a Migrant,0,Non-forest,0,0,1.335001067,3.553918469,12.63021884
204,22688150,Thaumastura_cora,Thaumastura_cora,Peruvian Sheartail,Least Concern,0,Stable,0,1.9,16.33,172139.3,0,2800,2800,21.65303051,Not a Migrant,0,Non-forest,0,0,0.641853886,2.793003907,12.05605931
205,22688153,Calliphlox_bryantae,Calliphlox_bryantae,Magenta-throated Woodstar,Least Concern,0,Stable,0,3.3,18.8,9185.3,700,1850,1150,37.22006766,Not a Migrant,0,Medium,0,0,1.193922468,2.93385687,9.125359659
206,22688163,Calliphlox_mitchellii,Calliphlox_mitchellii,Purple-throated Woodstar,Least Concern,0,Stable,0,3.1,16.93,59801.8,800,2400,1600,28.20710301,Altitudinal Migrant,1,High,1,0,1.131402111,2.829087196,10.99879104
207,22688172,Doricha_enicura,Doricha_enicura,Slender Sheartail,Least Concern,0,Decreasing,1,2.4,22.05,78586.4,1000,3000,2000,37.08707386,Not a Migrant,0,Medium,0,0,0.875468737,3.093312602,11.27195394
208,22688175,Doricha_eliza,Doricha_eliza,Mexican Sheartail,Near Threatened,0,Decreasing,1,2.5,23.1,2908.7,0,300,300,35.03660277,Not a Migrant,0,Low,0,0,0.916290732,3.139832618,7.975461525
209,22688178,Tilmatura_dupontii,Tilmatura_dupontii,Sparkling-tailed Woodstar,Least Concern,0,Stable,0,2.2,15.6,299179.8,500,2500,2000,33.21460502,Not a Migrant,0,High,1,0,0.78845736,2.747270914,12.60880001
210,22688182,Microstilbon_burmeisteri,Microstilbon_burmeisteri,Slender-tailed Woodstar,Least Concern,0,Stable,0,2.5,17.5,109879.1,1600,2000,400,19.44075276,Not a Migrant,0,Low,0,0,0.916290732,2.862200881,11.60713595
211,22688185,Calothorax_lucifer,Calothorax_lucifer,Lucifer Hummingbird,Least Concern,0,Stable,0,3.3,23.1,338097.5,0,2200,2200,24.70612916,Full Migrant,1,Low,0,0,1.193922468,3.139832618,12.73108959
212,22688189,Calothorax_pulcher,Calothorax_pulcher,Beautiful Hummingbird,Least Concern,0,Stable,0,2.7,21.4,52861.9,1000,2200,1200,34.53218497,Not a Migrant,0,Medium,0,0,0.993251773,3.063390922,10.87543813
213,22688193,Archilochus_colubris,Archilochus_colubris,Ruby-throated Hummingbird,Least Concern,0,Increasing,0,3.09,20.4,4936987.6,0,1500,1500,28.87820252,Full Migrant,1,Medium,0,0,1.128171091,3.015534901,15.41226591
214,22688196,Archilochus_alexandri,Archilochus_alexandri,Black-chinned Hummingbird,Least Concern,0,Increasing,0,3.39,21.63,2371676.8,0,2000,2000,19.4481724,Full Migrant,1,High,1,0,1.220829921,3.07408124,14.67910777
215,22688199,Calypte_anna,Calypte_anna,Anna's Hummingbird,Least Concern,0,Increasing,0,4.24,20.33,492758.2,0,1800,1800,15.75821479,Full Migrant,1,Medium,0,0,1.444563269,3.012097628,13.10777387
216,22688202,Calypte_costae,Calypte_costae,Costa's Hummingbird,Least Concern,0,Stable,0,3.09,18.88,563599.2,0,1000,1000,18.73771587,Full Migrant,1,Non-forest,0,0,1.128171091,2.938103161,13.24209864
217,22688211,Calliphlox_amethystina,Calliphlox_amethystina,Amethyst Woodstar,Least Concern,0,Decreasing,1,2.8,19.38,7988125,0,1500,1500,18.43846249,Full Migrant,1,Medium,0,0,1.029619417,2.964241606,15.89346662
218,22688214,Mellisuga_helenae,Mellisuga_helenae,Bee Hummingbird,Near Threatened,0,Decreasing,1,2.2,12.18,108875.9,0,500,500,41.95187492,Not a Migrant,0,Medium,0,0,0.78845736,2.499795262,11.59796398
219,22688229,Mellisuga_minima,Mellisuga_minima,Vervain Hummingbird,Least Concern,0,Stable,0,2.4,11.2,86168.4,0,1100,1100,38.75244767,Not a Migrant,0,Medium,0,0,0.875468737,2.415913778,11.3640588
220,22688235,Atthis_heloisa,Atthis_heloisa,Bumblebee Hummingbird,Least Concern,0,Stable,0,2.2,14.73,247486.7,1500,3000,1500,30.97354132,Not a Migrant,0,High,1,0,0.78845736,2.68988623,12.41911212
221,22688238,Atthis_ellioti,Atthis_ellioti,Wine-throated Hummingbird,Least Concern,0,Stable,0,2.9,14.83,94984.7,1500,3500,2000,36.31947435,Not a Migrant,0,High,1,0,1.064710737,2.696652156,11.4614711
222,22688241,Myrtis_fanny,Myrtis_fanny,Purple-collared Woodstar,Least Concern,0,Stable,0,2.3,20.08,256480,700,3200,2500,23.30331477,Not a Migrant,0,Low,0,0,0.832909123,2.999724295,12.45480597
223,22688248,Myrmia_micrura,Myrmia_micrura,Short-tailed Woodstar,Least Concern,0,Stable,0,2.21,14.93,72175.9,0,200,200,26.49828304,Not a Migrant,0,Non-forest,0,0,0.792992516,2.703372612,11.18686147
224,22688251,Chaetocercus_mulsant,Chaetocercus_mulsant,White-bellied Woodstar,Least Concern,0,Stable,0,3.9,21.3,263643,800,3500,2700,24.40772692,Not a Migrant,0,Medium,0,0,1.360976553,3.058707073,12.48235119
225,22688257,Chaetocercus_bombus,Chaetocercus_bombus,Little Woodstar,Vulnerable,1,Decreasing,1,6.5,15.68,174135.5,0,3000,3000,22.55495767,Not a Migrant,0,High,1,0,1.871802177,2.752386015,12.06758901
226,22688268,Chaetocercus_heliodor,Chaetocercus_heliodor,Gorgeted Woodstar,Least Concern,0,Stable,0,3.01,15.78,113211.2,1000,3000,2000,28.72138039,Not a Migrant,0,Medium,0,0,1.101940079,2.758743315,11.63701038
227,22688274,Chaetocercus_astreans,Chaetocercus_astreans,Santa Marta Woodstar,Least Concern,0,Stable,0,3.21,15.7,6505.1,NA,NA,NA,35.63719497,Not a Migrant,0,High,1,0,1.166270937,2.753660712,8.780341764
228,22688279,Chaetocercus_berlepschi,Chaetocercus_berlepschi,Esmeraldas Woodstar,Endangered,1,Decreasing,1,3.01,15.53,4383.4,0,100,100,30.69157952,Not a Migrant,0,High,1,0,1.101940079,2.742773637,8.385579958
229,22688290,Chaetocercus_jourdanii,Chaetocercus_jourdanii,Rufous-shafted Woodstar,Least Concern,0,Stable,0,3.26,14.83,46449.7,900,2500,1600,31.1364668,Not a Migrant,0,Low,0,0,1.181727195,2.696652156,10.74612529
230,22688293,Selasphorus_platycercus,Selasphorus_platycercus,Broad-tailed Hummingbird,Least Concern,0,Stable,0,3.54,20.75,696927.7,1500,2500,1000,19.54661648,Full Migrant,1,High,1,0,1.264126727,3.032546247,13.45443695
231,22688302,Selasphorus_flammula,Selasphorus_flammula,Volcano Hummingbird,Least Concern,0,Stable,0,2.69,14.43,4598.2,1800,3500,1700,38.39133008,Altitudinal Migrant,1,Low,0,0,0.989541194,2.669309373,8.433420202
232,22688305,Selasphorus_scintilla,Selasphorus_scintilla,Scintillant Hummingbird,Least Concern,0,Stable,0,2.2,14.33,9422.6,900,2100,1200,37.22006766,Not a Migrant,0,Low,0,0,0.78845736,2.662355242,9.150866338
233,22688308,Selasphorus_ardens,Selasphorus_ardens,Glow-throated Hummingbird,Endangered,1,Decreasing,1,3.08,14.35,1490.5,750,1850,1100,38.0426254,Not a Migrant,0,High,1,0,1.124929597,2.663749942,7.306866913
234,22724454,Chlorostilbon_forficatus,Chlorostilbon_forficatus,Cozumel Emerald,Least Concern,0,Unknown,NA,2.61,16.78,488.3,NA,NA,NA,15.2627783,Not a Migrant,0,Medium,0,0,0.959350221,2.820187701,6.190929971
235,22724623,Chlorostilbon_olivaresi,Chlorostilbon_olivaresi,Chiribiquete Emerald,Least Concern,0,Unknown,NA,3.69,22.2,6529.3,NA,NA,NA,4.33011005,Not a Migrant,0,Low,0,0,1.305626458,3.100092289,8.784055019
236,22725723,Phaethornis_longirostris,Phaethornis_longirostris,Long-billed Hermit,Least Concern,0,Unknown,NA,6,41.77,698780.1,0,2500,2500,32.10980852,Not a Migrant,0,High,1,1,1.791759469,3.732178379,13.45709138
237,22725731,Phaethornis_baroni,Phaethornis_baroni,Ecuadorian Hermit,Least Concern,0,Unknown,NA,NA,NA,NA,NA,NA,NA,27.65398542,Not a Migrant,0,High,1,1,NA,NA,NA
238,22725737,Anthracothorax_dominicus,Anthracothorax_dominicus,Hispaniolan Mango,Least Concern,0,Unknown,NA,5.77,27.88,84809.6,0,800,800,38.00038975,Not a Migrant,0,Low,0,0,1.752672081,3.327909586,11.34816402
239,22725745,Anthracothorax_aurulentus,Anthracothorax_aurulentus,Puerto Rican Mango,Least Concern,0,Decreasing,1,NA,NA,NA,NA,NA,NA,62.73421949,Not a Migrant,0,Low,0,0,NA,NA,NA
240,22725751,Stephanoxis_lalandi,Stephanoxis_lalandi,Green-crowned Plovercrest,Least Concern,0,Unknown,NA,4,13.47,1134236.6,0,2900,2900,36.71418802,Not a Migrant,0,Medium,0,0,1.386294361,2.60046499,13.94147038
241,22725761,Stephanoxis_loddigesii,Stephanoxis_loddigesii,Violet-crowned Plovercrest,Least Concern,0,Unknown,NA,NA,NA,NA,NA,NA,NA,30.04745111,Not a Migrant,0,Medium,0,0,NA,NA,NA
242,22725767,Cynanthus_latirostris,Cynanthus_latirostris,Broad-billed Hummingbird,Least Concern,0,Increasing,0,3.1,21.06,742828.3,0,2000,2000,25.52171689,Full Migrant,1,Low,0,0,1.131402111,3.047375507,13.51822021
243,22725775,Cynanthus_doubledayi,Cynanthus_doubledayi,Turquoise-crowned Hummingbird,Least Concern,0,Stable,0,NA,NA,NA,NA,NA,NA,34.20731945,Not a Migrant,0,Low,0,0,NA,NA,NA
244,22725795,Lampornis_castaneoventris,Lampornis_castaneoventris,White-throated Mountain-gem,Least Concern,0,Unknown,NA,5.08,23.65,1530.6,800,2000,1200,36.70602401,Altitudinal Migrant,1,Medium,0,0,1.625311262,3.163363115,7.333415094
245,22725806,Lampornis_cinereicauda,Lampornis_cinereicauda,Grey-tailed Mountain-gem,Least Concern,0,Unknown,NA,NA,NA,NA,NA,NA,NA,38.39133008,Altitudinal Migrant,1,Medium,0,0,NA,NA,NA
246,22725814,Urochroa_bougueri,Urochroa_bougueri,Rufous-gaped Hillstar,Least Concern,0,Unknown,NA,11.4,32.78,72914.5,500,2500,2000,29.49103278,Not a Migrant,0,High,1,0,2.433613355,3.489818573,11.1970428
247,22725822,Urochroa_leucura,Urochroa_leucura,White-tailed Hillstar,Least Concern,0,Unknown,NA,NA,NA,NA,NA,NA,NA,22.47847413,Not a Migrant,0,High,1,0,NA,NA,NA
248,22726267,Cynanthus_lawrencei,Cynanthus_lawrencei,Tres Marias Hummingbird,Near Threatened,0,Stable,0,NA,NA,NA,NA,NA,NA,23.9105263,Not a Migrant,0,Low,0,0,NA,NA,NA
249,22726352,Phaethornis_mexicanus,Phaethornis_mexicanus,Mexican Hermit,Least Concern,0,Unknown,NA,NA,NA,NA,NA,NA,NA,34.51943408,Not a Migrant,0,High,1,1,NA,NA,NA
250,22726661,Phaethornis_griseogularis,Phaethornis_griseogularis,Grey-chinned Hermit,Least Concern,0,Unknown,NA,2.3,24.33,385188.9,500,2000,1500,17.51743565,Not a Migrant,0,High,1,1,0.832909123,3.191710157,12.86148914
251,22726671,Phaethornis_porcullae,Phaethornis_porcullae,Porculla Hermit,Least Concern,0,Unknown,NA,NA,NA,NA,NA,NA,NA,23.75912436,Not a Migrant,0,High,1,1,NA,NA,NA
252,22726682,Lophornis_chalybeus,Lophornis_chalybeus,Festive Coquette,Near Threatened,0,Unknown,NA,3,16.28,2971936.3,0,1000,1000,35.14800836,Not a Migrant,0,Medium,0,0,1.098612289,2.789937361,14.90472425
253,22726690,Lophornis_verreauxii,Lophornis_verreauxii,Butterfly Coquette,Least Concern,0,Decreasing,1,NA,NA,NA,NA,NA,NA,8.254079852,Not a Migrant,0,Medium,0,0,NA,NA,NA
254,22726696,Thalurania_colombica,Thalurania_colombica,Crowned Woodnymph,Least Concern,0,Decreasing,1,4.5,20.9,471399.1,0,2000,2000,29.81437935,Not a Migrant,0,Medium,0,0,1.504077397,3.039749159,13.06346036
255,22726714,Amazilia_bartletti,Amazilia_bartletti,Spot-vented Emerald,Least Concern,0,Decreasing,1,NA,NA,NA,NA,NA,NA,11.58800162,Not a Migrant,0,Medium,0,0,NA,NA,NA
256,22726720,Coeligena_torquata,Coeligena_torquata,Collared Inca,Least Concern,0,Decreasing,1,6.72,41.49,403698.5,1500,3500,2000,23.65134714,Not a Migrant,0,High,1,0,1.905088155,3.725452434,12.90842359
257,22726729,Coeligena_conradii,Coeligena_conradii,Green Inca,Least Concern,0,Decreasing,1,NA,NA,NA,NA,NA,NA,32.36398086,Not a Migrant,0,High,1,0,NA,NA,NA
258,22726736,Coeligena_eisenmanni,Coeligena_eisenmanni,Vilcabamba Inca,Least Concern,0,Decreasing,1,NA,NA,NA,NA,NA,NA,14.4235813,Not a Migrant,0,High,1,0,NA,NA,NA
259,22726743,Coeligena_inca,Coeligena_inca,Gould's Inca,Least Concern,0,Decreasing,1,NA,NA,NA,NA,NA,NA,17.99824472,Not a Migrant,0,High,1,0,NA,NA,NA
260,22726750,Coeligena_violifer,Coeligena_violifer,Bolivian Starfrontlet,Least Concern,0,Decreasing,1,7.39,39.25,192529.6,1300,3900,2600,20.5847913,Not a Migrant,0,High,1,0,2.000127735,3.669951444,12.16800519
261,22726758,Coeligena_dichroura,Coeligena_dichroura,Huanuco Starfrontlet,Least Concern,0,Decreasing,1,NA,NA,NA,NA,NA,NA,20.38767959,Not a Migrant,0,High,1,0,NA,NA,NA
262,22726764,Coeligena_albicaudata,Coeligena_albicaudata,Apurimac Starfrontlet,Least Concern,0,Decreasing,1,NA,NA,NA,NA,NA,NA,19.44301505,Not a Migrant,0,High,1,0,NA,NA,NA
263,22726770,Coeligena_osculans,Coeligena_osculans,Cuzco Starfrontlet,Least Concern,0,Decreasing,1,NA,NA,NA,NA,NA,NA,16.58213586,Not a Migrant,0,High,1,0,NA,NA,NA
264,22726790,Oxypogon_guerinii,Oxypogon_guerinii,Green-bearded Helmetcrest,Least Concern,0,Decreasing,1,4.8,12.72,35247.7,3000,5200,2200,31.89959794,Not a Migrant,0,Non-forest,0,0,1.568615918,2.543175558,10.47015556
265,22726804,Oxypogon_lindenii,Oxypogon_lindenii,White-bearded Helmetcrest,Least Concern,0,Decreasing,1,NA,NA,NA,NA,NA,NA,31.2982592,Not a Migrant,0,Non-forest,0,0,NA,NA,NA
266,22726810,Oxypogon_stuebelii,Oxypogon_stuebelii,Buffy Helmetcrest,Vulnerable,1,Stable,0,NA,NA,NA,NA,NA,NA,35.33672905,Not a Migrant,0,Non-forest,0,0,NA,NA,NA
267,22726816,Schistes_geoffroyi,Schistes_geoffroyi,Eastern Wedge-billed Hummingbird,Least Concern,0,Stable,0,3.6,17.46,639941.1,800,2500,1700,21.89068952,Not a Migrant,0,High,1,0,1.280933845,2.85991255,13.36913142
268,22726824,Schistes_albogularis,Schistes_albogularis,Western Wedge-billed Hummingbird,Least Concern,0,Stable,0,NA,NA,NA,NA,NA,NA,28.28110141,Not a Migrant,0,High,1,0,NA,NA,NA
269,22727923,Oreonympha_nobilis,Oreonympha_nobilis,Eastern Mountaineer,Least Concern,0,Stable,0,7.7,26.93,61823.9,2500,3800,1300,23.45436335,Not a Migrant,0,Medium,0,0,2.041220329,3.293240907,11.0320453
270,22727930,Oreonympha_albolimbata,Oreonympha_albolimbata,Western Mountaineer,Least Concern,0,Stable,0,NA,NA,NA,NA,NA,NA,20.08358636,Not a Migrant,0,Medium,0,0,NA,NA,NA
271,22727993,Campylopterus_curvipennis,Campylopterus_curvipennis,Wedge-tailed Sabrewing,Least Concern,0,Decreasing,1,6,28.93,242889.9,0,1400,1400,30.38959429,Not a Migrant,0,High,1,0,1.791759469,3.364879119,12.40036353
272,22729026,Anthracothorax_veraguensis,Anthracothorax_veraguensis,Veraguas Mango,Least Concern,0,Unknown,NA,7,27.5,30443.5,700,1600,900,37.02090878,Not a Migrant,0,Non-forest,0,0,1.945910149,3.314186005,10.32362779
273,22729031,Chlorostilbon_auriceps,Chlorostilbon_auriceps,Golden-crowned Emerald,Least Concern,0,Unknown,NA,2.61,16.2,206471.5,0,1800,1800,32.04208123,Not a Migrant,0,Low,0,0,0.959350221,2.785011242,12.23791767
274,22729036,Lampornis_calolaemus,Lampornis_calolaemus,Purple-throated Mountain-gem,Least Concern,0,Decreasing,1,5.08,23.6,10988.5,1200,2500,1300,36.39048374,Altitudinal Migrant,1,Medium,0,0,1.625311262,3.161246712,9.30460455
275,22729181,Heliangelus_micraster,Heliangelus_micraster,Little Sunangel,Least Concern,0,Unknown,NA,3.85,16.48,17855.6,2200,3400,1200,25.26956277,Not a Migrant,0,High,1,0,1.348073148,2.802147524,9.790072463
276,22730147,Phaethornis_striigularis,Phaethornis_striigularis,Stripe-throated Hermit,Least Concern,0,Unknown,NA,3,24.91,764906.1,0,1600,1600,30.92378205,Not a Migrant,0,Medium,0,1,1.098612289,3.215269329,13.54750836
277,22730168,Amazilia_tzacatl,Amazilia_tzacatl,Rufous-tailed Hummingbird,Least Concern,0,Unknown,NA,4.79,21.82,1019997.2,0,2000,2000,30.62402476,Not a Migrant,0,Medium,0,0,1.566530411,3.08282698,13.83531044
278,22733197,Phaethornis_atrimentalis,Phaethornis_atrimentalis,Black-throated Hermit,Least Concern,0,Decreasing,1,2.6,26.63,829117,0,1200,1200,12.79298695,Not a Migrant,0,High,1,1,0.955511445,3.2820384,13.62811656
279,22733641,Amazilia_grayi,Hylocharis_grayi,Gray's Hummingbird,Least Concern,0,Decreasing,1,5.6,21.64,39555.4,600,2600,2000,28.46428537,Not a Migrant,0,Medium,0,0,1.722766598,3.074543454,10.5854575
280,22733646,Amazilia_humboldtii,Hylocharis_humboldtii,Humboldt's Hummingbird,Least Concern,0,Decreasing,1,5.6,20.41,21280.1,0,350,350,25.65423008,Not a Migrant,0,High,1,0,1.722766598,3.016024977,9.965527643
281,22733886,Aglaiocercus_kingii,Aglaiocercus_kingi,Long-tailed Sylph,Least Concern,0,Decreasing,1,4.84,20.56,267748.1,900,3000,2100,24.42118637,Altitudinal Migrant,1,Low,0,0,1.576914721,3.023347441,12.49780189
282,22733891,Aglaiocercus_berlepschi,Aglaiocercus_berlepschi,Venezuelan Sylph,Endangered,1,Decreasing,1,4.97,18.37,4153.7,1450,1800,350,30.23501998,Not a Migrant,0,Medium,0,0,1.60341984,2.910718899,8.331754782
283,22733896,Haplophaedia_aureliae,Haplophaedia_aureliae,Greenish Puffleg,Least Concern,0,Stable,0,5.2,22.87,77848.1,1500,2500,1000,26.11701613,Altitudinal Migrant,1,High,1,0,1.648658626,3.129826008,11.26251477
284,22733901,Haplophaedia_assimilis,Haplophaedia_assimilis,Buff-thighed Puffleg,Least Concern,0,Decreasing,1,4.8,19.73,59077,1500,3000,1500,19.01244443,Not a Migrant,0,High,1,0,1.568615918,2.98214032,10.98659696
285,22733913,Phaethornis_squalidus,Phaethornis_squalidus,Dusky-throated Hermit,Least Concern,0,Unknown,NA,3.4,27.44,272388.6,0,2250,2250,33.93033257,Not a Migrant,0,High,1,1,1.223775432,3.312001803,12.514985
286,22733918,Phaethornis_rupurumii,Phaethornis_rupurumii,Streak-throated Hermit,Least Concern,0,Unknown,NA,3.7,27.68,562332,0,500,500,8.492678835,Not a Migrant,0,Medium,0,1,1.30833282,3.320710131,13.2398477
287,22736557,Phaethornis_longuemareus,Phaethornis_longuemareus,Little Hermit,Least Concern,0,Stable,0,3,29.08,281733.5,0,700,700,11.81492724,Not a Migrant,0,Medium,0,1,1.098612289,3.370050653,12.54871687
288,45450140,Heliodoxa_schreibersii,Heliodoxa_schreibersii,Black-throated Brilliant,Least Concern,0,Decreasing,1,9.17,26.83,740133,0,1500,1500,9.869753875,Not a Migrant,0,Medium,0,0,2.215937286,3.289520664,13.51458518
289,45450143,Heliodoxa_whitelyana,Heliodoxa_whitelyana,Black-breasted Brilliant,Least Concern,0,Decreasing,1,NA,NA,NA,NA,NA,NA,13.53747358,Not a Migrant,0,Medium,0,0,NA,NA,NA
290,60859989,Heliangelus_clarisse,Heliangelus_clarisse,Longuemare's Sunangel,Least Concern,0,Stable,0,NA,NA,NA,NA,NA,NA,27.28506399,Not a Migrant,0,High,1,0,NA,NA,NA
291,60859997,Heliangelus_amethysticollis,Heliangelus_amethysticollis,Amethyst-throated Sunangel,Least Concern,0,Stable,0,5.04,21.43,200713.3,1600,3700,2100,22.27246404,Not a Migrant,0,High,1,0,1.617406082,3.064791809,12.2096328
292,60860042,Heliangelus_spencei,Heliangelus_spencei,Merida Sunangel,Least Concern,0,Unknown,NA,NA,NA,NA,NA,NA,NA,31.2982592,Not a Migrant,0,High,1,0,NA,NA,NA
293,60946163,Oreotrochilus_estella,Oreotrochilus_estella,Andean Hillstar,Least Concern,0,Stable,0,8.1,25.03,657123.5,2400,5000,2600,17.95725753,Not a Migrant,0,Low,0,0,2.091864062,3.220075105,13.39562726
294,60946473,Oreotrochilus_stolzmanni,Oreotrochilus_stolzmanni,Green-headed Hillstar,Least Concern,0,Stable,0,NA,NA,NA,NA,NA,NA,21.34238379,Not a Migrant,0,Low,0,0,NA,NA,NA
295,61162182,Eriocnemis_luciani,Eriocnemis_luciani,Sapphire-vented Puffleg,Least Concern,0,Stable,0,6,25.48,37957.6,2800,4800,2000,27.22112453,Not a Migrant,0,Medium,0,0,1.791759469,3.237893831,10.54422503
296,61162365,Eriocnemis_sapphiropygia,Eriocnemis_sapphiropygia,Coppery-naped Puffleg,Least Concern,0,Stable,0,NA,NA,NA,NA,NA,NA,20.3658737,Not a Migrant,0,Medium,0,0,NA,NA,NA
297,61172969,Coeligena_bonapartei,Coeligena_bonapartei,Golden-bellied Starfrontlet,Least Concern,0,Decreasing,1,6.49,33.95,34637.6,1400,3200,1800,31.89959794,Not a Migrant,0,High,1,0,1.870262531,3.524888854,10.45269508
298,61173059,Coeligena_eos,Coeligena_eos,Golden Starfrontlet,Least Concern,0,Decreasing,1,NA,NA,NA,NA,NA,NA,31.06692035,Not a Migrant,0,High,1,0,NA,NA,NA
299,61173094,Coeligena_consita,Coeligena_consita,Perija Starfrontlet,Vulnerable,1,Decreasing,1,NA,NA,NA,NA,NA,NA,32.10181464,Not a Migrant,0,High,1,0,NA,NA,NA
300,61197713,Chlorostilbon_poortmani,Chlorostilbon_poortmani,Short-tailed Emerald,Least Concern,0,Unknown,NA,3.5,19.31,109378.7,100,2400,2300,29.41807346,Not a Migrant,0,High,1,0,1.252762968,2.960623096,11.60257145
301,61200240,Amazilia_viridifrons,Amazilia_viridifrons,Green-fronted Hummingbird,Least Concern,0,Unknown,NA,6.3,25.15,76080.4,60,1400,1340,34.63748877,Not a Migrant,0,Medium,0,0,1.840549633,3.224857897,11.23954595
302,61200304,Amazilia_wagneri,Amazilia_wagneri,Cinnamon-sided Hummingbird,Least Concern,0,Unknown,NA,NA,NA,NA,NA,NA,NA,33.35708908,Not a Migrant,0,Medium,0,0,NA,NA,NA
303,61201742,Amazilia_viridigaster,Amazilia_viridigaster,Green-bellied Hummingbird,Least Concern,0,Decreasing,1,3.74,21.8,278825.5,200,2100,1900,25.57101966,Not a Migrant,0,Medium,0,0,1.319085611,3.08190997,12.53834142
304,61201753,Amazilia_cupreicauda,Amazilia_cupreicauda,Copper-tailed Hummingbird,Least Concern,0,Decreasing,1,NA,NA,NA,NA,NA,NA,5.665291474,Not a Migrant,0,Medium,0,0,NA,NA,NA
305,22687668,Lampornis_amethystinus,Lampornis_amethystinus,Amethyst-throated Hummingbird,Least Concern,0,Decreasing,1,5.2,24.35,189491,900,3000,2100,34.89131054,Not a Migrant,0,High,1,0,1.648658626,3.19253185,12.15209681
306,22687380,Cyanophaia_bicolor,Cyanophaia_bicolor,Blue-headed Hummingbird,Least Concern,0,Decreasing,1,4.5,19.08,1906,NA,NA,NA,52.7967124,Not a Migrant,0,High,1,0,1.504077397,2.948640666,7.552762084
307,22687893,Heliangelus_exortis,Heliangelus_exortis,Tourmaline Sunangel,Least Concern,0,Stable,0,4.59,17.45,64064.8,2000,3300,1300,27.57389943,Not a Migrant,0,Medium,0,0,1.523880024,2.859339649,11.06765035
308,22687990,Metallura_williami,Metallura_williami,Viridian Metaltail,Least Concern,0,Decreasing,1,4.5,15.43,51631,2800,3800,1000,27.76039145,Not a Migrant,0,Medium,0,0,1.504077397,2.736313666,10.85187755
309,22687933,Eriocnemis_mosquera,Eriocnemis_mosquera,Golden-breasted Puffleg,Least Concern,0,Stable,0,5.3,20.88,34835.8,2500,3600,1100,27.883866,Altitudinal Migrant,1,High,1,0,1.667706821,3.038791763,10.45840087
310,22687313,Chlorostilbon_mellisugus,Chlorostilbon_mellisugus,Blue-tailed Emerald,Least Concern,0,Stable,0,2.61,19.35,3951607.6,0,2000,2000,NA,Not a Migrant,0,Medium,0,0,0.959350221,2.962692419,15.18963304
311,22687939,Eriocnemis_mirabilis,Eriocnemis_mirabilis,Colorful Puffleg,Endangered,1,Decreasing,1,5.06,20.28,34,2200,2440,240,29.07309416,Not a Migrant,0,High,1,0,1.621366483,3.009635179,3.526360525
312,22687461,Goldmania_violiceps,Goldmania_violiceps,Violet-capped Hummingbird,Near Threatened,0,Decreasing,1,4.1,21.73,2852.7,600,1200,600,26.51085102,Not a Migrant,0,High,1,0,1.410986974,3.078693794,7.956021193
313,22687791,Aglaeactis_castelnaudii,Aglaeactis_castelnaudii,White-tufted Sunbeam,Near Threatened,0,Decreasing,1,6.7,22.73,23294.9,3500,4300,800,17.39820189,Not a Migrant,0,High,1,0,1.902107526,3.123685638,10.05598973
314,22726706,Amazilia_lactea,Amazilia_lactea,Sapphire-spangled Emerald,Least Concern,0,Decreasing,1,4.6,20.97,2605047.6,0,1400,1400,27.11044123,Not a Migrant,0,Medium,0,0,1.526056303,3.043092845,14.77296151
315,119194033,Amazilia_cyanifrons,Amazilia_cyanifrons,Indigo-capped Hummingbird,Least Concern,0,Stable,0,5,20.3,54904.9,400,2200,1800,30.30772108,Altitudinal Migrant,1,Medium,0,0,1.609437912,3.010620886,10.91335788
316,119194112,Amazilia_alfaroana,Amazilia_alfaroana,Guanacaste Hummingbird,Critically Endangered,1,Stable,0,NA,NA,NA,NA,NA,NA,NA,Unknown,NA,Medium,0,0,NA,NA,NA
317,22687402,Thalurania_watertonii,Thalurania_watertonii,Long-tailed Woodnymph,Endangered,1,Decreasing,1,4.6,23.09,34673.8,NA,NA,NA,33.51085196,Not a Migrant,0,Medium,0,0,1.526056303,3.139399623,10.45373964
318,22687863,Sephanoides_fernandensis,Sephanoides_fernandensis,Juan Fernandez Firecrown,Critically Endangered,1,Decreasing,1,8.73,21.8,11,NA,NA,NA,6,Not a Migrant,0,Medium,0,0,2.16676537,3.08190997,2.397895273
319,22688244,Eulidia_yarrellii,Eulidia_yarrellii,Chilean Woodstar,Critically Endangered,1,Decreasing,1,3.96,14,2154.6,0,2600,2600,14.1962507,Not a Migrant,0,Non-forest,0,0,1.376244025,2.63905733,7.67536037
320,22726798,Oxypogon_cyanolaemus,Oxypogon_cyanolaemus,Blue-bearded Helmetcrest,Critically Endangered,1,Decreasing,1,NA,NA,NA,NA,NA,NA,32.3390465,Not a Migrant,0,Non-forest,0,0,NA,NA,NA
321,22735457,Eriocnemis_isabellae,Eriocnemis_isabellae,Gorgeted Puffleg,Critically Endangered,1,Decreasing,1,3.95,19.38,44.2,2600,2900,300,27.3510036,Not a Migrant,0,High,1,0,1.373715579,2.964241606,3.788724789
322,22687828,Coeligena_orina,Coeligena_orina,Glittering Starfrontlet,Critically Endangered,1,Decreasing,1,6.49,37.2,4.9,NA,NA,NA,21.96158535,Not a Migrant,0,High,1,0,1.870262531,3.616308761,1.589235205
323,22687417,Lepidopyga_lilliae,Lepidopyga_lilliae,Sapphire-bellied Hummingbird,Critically Endangered,1,Decreasing,1,4.3,21.2,2890.4,NA,NA,NA,31.92454472,Not a Migrant,0,High,1,0,1.458615023,3.054001182,7.96915018
324,22686928,Threnetes_leucurus,Threnetes_leucurus,Pale-tailed Barbthroat,Least Concern,0,Stable,0,5.6,34.98,5241737.7,0,850,850,9.833700005,Not a Migrant,0,Medium,0,1,1.722766598,3.55477647,15.47216362
325,22686940,Phaethornis_superciliosus,Phaethornis_superciliosus,Long-tailed Hermit,Least Concern,0,Decreasing,1,6.3,40.05,2562461.4,0,1400,1400,8.659026344,Not a Migrant,0,High,1,1,1.840549633,3.690128674,14.75647884
326,22686946,Phaethornis_malaris,Phaethornis_malaris,Great-billed Hermit,Least Concern,0,Decreasing,1,5.9,44.03,3790398.9,0,1650,1650,10.90541609,Not a Migrant,0,High,1,1,1.774952351,3.78487122,15.14798182
327,22686949,Phaethornis_eurynome,Phaethornis_eurynome,Scale-throated Hermit,Least Concern,0,Decreasing,1,5.3,39.33,934276,100,2250,2150,31.35909016,Not a Migrant,0,High,1,1,1.667706821,3.671987586,13.74752718
328,22686952,Phaethornis_hispidus,Phaethornis_hispidus,White-bearded Hermit,Least Concern,0,Decreasing,1,5,34.43,4008380,0,1200,1200,10.06776734,Not a Migrant,0,High,1,1,1.609437912,3.538928277,15.20389773
329,22686973,Phaethornis_augusti,Phaethornis_augusti,Sooty-capped Hermit,Least Concern,0,Stable,0,6,35.35,557853.3,400,3500,3100,18.40298014,Not a Migrant,0,Medium,0,1,1.791759469,3.565298392,13.2318513
330,22686979,Phaethornis_subochraceus,Phaethornis_subochraceus,Buff-bellied Hermit,Least Concern,0,Decreasing,1,3.8,30.5,338428.2,150,800,650,13.65790198,Not a Migrant,0,High,1,1,1.335001067,3.417726684,12.73206724
331,22686982,Phaethornis_nattereri,Phaethornis_nattereri,Cinnamon-throated Hermit,Least Concern,0,Decreasing,1,3.1,26.1,788913.5,0,500,500,18.35285131,Not a Migrant,0,Medium,0,1,1.131402111,3.261935314,13.57841196
332,22687010,Phaethornis_idaliae,Phaethornis_idaliae,Minute Hermit,Least Concern,0,Decreasing,1,2.6,23.13,154971.4,0,500,500,33.01542021,Not a Migrant,0,High,1,1,0.955511445,3.141130476,11.95099586
333,22687106,Colibri_delphinae,Colibri_delphinae,Brown Violet-ear,Least Concern,0,Stable,0,6.4,18.95,1200040.6,100,2800,2700,19.3432827,Altitudinal Migrant,1,Medium,0,0,1.85629799,2.941803932,13.99786595
334,22687146,Avocettula_recurvirostris,Avocettula_recurvirostris,Fiery-tailed Awlbill,Least Concern,0,Decreasing,1,4.2,18.42,2530965.2,0,1200,1200,10.03927738,Not a Migrant,0,High,1,0,1.435084525,2.913437031,14.74411129
335,22687181,Lophornis_ornatus,Lophornis_ornatus,Tufted Coquette,Least Concern,0,Stable,0,2.3,11.95,827833.8,0,1000,1000,9.47317966,Not a Migrant,0,Medium,0,0,0.832909123,2.480731278,13.62656769
336,22687259,Discosura_langsdorffi,Discosura_langsdorffi,Black-bellied Thorntail,Least Concern,0,Decreasing,1,2.8,17.78,1980008.9,0,400,400,10.20607594,Not a Migrant,0,High,1,0,1.029619417,2.87807423,14.4986119
337,22687275,Discosura_conversii,Discosura_conversii,Green Thorntail,Least Concern,0,Decreasing,1,3,14.38,132866,0,1300,1300,28.65029768,Not a Migrant,0,High,1,0,1.098612289,2.665838352,11.79709638
338,22687458,Chrysuronia_oenone,Chrysuronia_oenone,Golden-tailed Sapphire,Least Concern,0,Stable,0,5.04,24.72,1336392.6,0,1700,1700,16.45105485,Not a Migrant,0,Medium,0,0,1.617406082,3.207612633,14.10548445
339,22687491,Leucippus_fallax,Leucippus_fallax,Buffy Hummingbird,Least Concern,0,Decreasing,1,6,22.13,93949.7,0,600,600,32.26170142,Not a Migrant,0,Medium,0,0,1.791759469,3.096934154,11.45051481
340,22687676,Lampornis_sybillae,Lampornis_sybillae,Green-breasted Mountain-gem,Least Concern,0,Decreasing,1,6.02,23.5,45192,1400,2200,800,31.64551329,Not a Migrant,0,High,1,0,1.795087259,3.157000421,10.71867536
341,22687743,Heliodoxa_leadbeateri,Heliodoxa_leadbeateri,Violet-fronted Brilliant,Least Concern,0,Decreasing,1,7.4,28.92,409926.4,500,2400,1900,23.46001512,Not a Migrant,0,Medium,0,0,2.00148,3.364533397,12.92373291
342,22687874,Boissonneaua_jardini,Boissonneaua_jardini,Velvet-purple Coronet,Least Concern,0,Decreasing,1,9.1,23.85,30985.5,350,2200,1850,29.49103278,Not a Migrant,0,High,1,0,2.208274414,3.171784217,10.34127463
343,22687962,Urosticte_benjamini,Urosticte_benjamini,Purple-bibbed Whitetip,Least Concern,0,Decreasing,1,3.9,20.35,17379.1,700,1600,900,27.65038457,Altitudinal Migrant,1,High,1,0,1.360976553,3.013080912,9.763023614
344,22688108,Heliothryx_barroti,Heliothryx_barroti,Purple-crowned Fairy,Least Concern,0,Decreasing,1,5.5,21.9,491041.3,0,1100,1100,30.79469752,Not a Migrant,0,High,1,0,1.704748092,3.086486637,13.10428352
345,22688138,Heliomaster_longirostris,Heliomaster_longirostris,Long-billed Starthroat,Least Concern,0,Stable,0,6.6,35.05,8290193.6,0,1500,1500,13.59543776,Not a Migrant,0,Medium,0,0,1.887069649,3.556775613,15.93058388
346,22688144,Heliomaster_furcifer,Heliomaster_furcifer,Blue-tufted Starthroat,Least Concern,0,Decreasing,1,5.4,31.7,2968261.7,0,1000,1000,21.92220805,Full Migrant,1,Medium,0,0,1.686398954,3.456316681,14.90348705
347,22687196,Lophornis_brachylophus,Lophornis_brachylophus,Short-crested Coquette,Critically Endangered,1,Decreasing,1,2.68,12.9,53.3,900,1800,900,31.0747547,Not a Migrant,0,High,1,0,0.985816795,2.557227311,3.975936331
348,22687635,Eupherusa_cyanophrys,Eupherusa_cyanophrys,Oaxaca Hummingbird,Endangered,1,Decreasing,1,4.8,21.65,4063.8,700,2600,1900,33.8303261,Not a Migrant,0,High,1,0,1.568615918,3.075005454,8.309873775
349,22688299,Selasphorus_sasin,Selasphorus_sasin,Allen's Hummingbird,Least Concern,0,Increasing,0,3.36,20.28,31425.7,0,1300,1300,23.58967665,Full Migrant,1,Medium,0,0,1.211940974,3.009635179,10.35538131
350,22736463,Phaethornis_aethopygus,Phaethornis_aethopygus,Tapajos Hermit,Vulnerable,1,Decreasing,1,NA,NA,NA,NA,NA,NA,7.245343077,Not a Migrant,0,High,1,1,NA,NA,NA
351,22687383,Thalurania_ridgwayi,Thalurania_ridgwayi,Mexican Woodnymph,Vulnerable,1,Decreasing,1,3.8,20.78,14528.9,250,1200,950,36.73280256,Not a Migrant,0,High,1,0,1.335001067,3.033990986,9.583895048
352,22687825,Coeligena_phalerata,Coeligena_phalerata,White-tailed Starfrontlet,Near Threatened,0,Decreasing,1,6.1,33.41,4729.4,NA,NA,NA,35.63719497,Not a Migrant,0,High,1,0,1.808288771,3.508855256,8.461553624
353,22688090,Augastes_scutatus,Augastes_scutatus,Hyacinth Visorbearer,Least Concern,0,Decreasing,1,3,18.15,28653.3,900,2000,1100,29.35199123,Not a Migrant,0,Medium,0,0,1.098612289,2.898670561,10.2630239
354,22688296,Selasphorus_rufus,Selasphorus_rufus,Rufous Hummingbird,Near Threatened,0,Decreasing,1,3.5,20.68,1526767.8,0,2260,2260,18.94815302,Full Migrant,1,Medium,0,0,1.252762968,3.02916705,14.23866351
355,22687125,Anthracothorax_prevostii,Anthracothorax_prevostii,Green-breasted Mango,Least Concern,0,Unknown,NA,6.4,28.9,774052.5,0,1200,1200,32.25397261,Not a Migrant,0,Low,0,0,1.85629799,3.363841595,13.55939498
356,133484158,Nesophlox_evelynae,Calliphlox_evelynae,Bahama Hummingbird,Least Concern,0,Stable,0,2.4,17.68,13854.7,NA,NA,NA,NA,Not a Migrant,0,Low,0,0,0.875468737,2.872434057,9.536379804
357,133484007,Nesophlox_lyrura,Nesophlox_lyrura,Lyre-tailed Hummingbird,Least Concern,0,Stable,0,NA,NA,NA,NA,NA,NA,NA,Not a Migrant,0,Low,0,0,NA,NA,NA
358,154797056,Phaethornis_bourcieri,Phaethornis_bourcieri,Straight-billed Hermit,Least Concern,0,Stable,0,4.3,34.19,2738931,0,1600,1600,7.507044903,Not a Migrant,0,High,1,1,1.458615023,3.531933204,14.82307826
359,154807906,Anthocephala_floriceps,Anthocephala_floriceps,Santa Marta Blossomcrown,Vulnerable,1,Decreasing,1,4.24,17.71,10051.3,600,2400,1800,29.67415963,Altitudinal Migrant,1,High,1,0,1.444563269,2.874129452,9.215457258
360,22687062,Campylopterus_largipennis,Campylopterus_largipennis,Grey-breasted Sabrewing,Least Concern,0,Stable,0,8.3,30.38,6511692.6,0,1300,1300,10.23064518,Not a Migrant,0,Medium,0,0,2.116255515,3.413784497,15.68910998
361,22688232,Selasphorus_calliope,Stellula_calliope,Calliope Hummingbird,Least Concern,0,Stable,0,2.64,17.88,1203358.9,180,3400,3220,18.4050657,Full Migrant,1,Low,0,0,0.970778917,2.88368277,14.00062729
362,154797026,Phaethornis_major,Phaethornis_major,Ash-bellied Hermit,Least Concern,0,Stable,0,NA,NA,NA,NA,NA,NA,NA,Not a Migrant,0,NA,NA,1,NA,NA,NA
363,154809350,Anthocephala_berlepschi,Anthocephala_berlepschi,Tolima Blossomcrown,Vulnerable,1,Decreasing,1,NA,NA,NA,NA,NA,NA,NA,Altitudinal Migrant,1,NA,NA,0,NA,NA,NA
364,22688069,Augastes_lumachella,Augastes_lumachella,Hooded Visorbearer,Near Threatened,0,Decreasing,1,4,21.28,17544.6,900,2000,1100,27.26374215,Not a Migrant,0,Non-forest,0,0,1.386294361,3.057767664,9.772501489
365,22687614,Amazilia_castaneiventris,Amazilia_castaneiventris,Chestnut-bellied Hummingbird,Near Threatened,0,Decreasing,1,5,21.89,3164.9,300,2200,1900,33.42786864,Altitudinal Migrant,1,Medium,0,0,1.609437912,3.086029912,8.059876739
